epoch,percentage,loss
1,0.0,0.97905016
1,0.0,0.94079542
1,0.0,1.04972672
1,0.0,0.59837419
1,0.0,0.93144965
1,0.0,0.62202787
1,0.0,0.54902595
1,0.0,0.66559446
1,0.0,0.76673168
1,0.0,0.62628388
1,0.0,0.80094689
1,0.0,0.83585560
1,0.0,0.57126760
1,0.0,0.60987031
1,0.0,0.73915029
1,0.0,0.67906618
1,0.0,0.73001891
1,0.0,0.54213256
1,0.0,0.52693641
1,0.0,0.47233629
1,0.0,0.54374808
1,0.0,0.61678207
1,0.0,0.54782569
1,0.0,0.63616645
1,0.0,0.45630515
1,0.0,0.64061248
1,0.0,0.59877193
1,0.0,0.45989892
1,0.0,0.47209883
1,0.0,0.54788196
1,0.0,0.53683895
1,0.0,0.67193294
1,0.0,0.44119444
1,0.0,0.59907180
1,0.1,0.51906240
1,0.1,0.52960330
1,0.1,0.41233987
1,0.1,0.40817773
1,0.1,0.43041232
1,0.1,0.44377437
1,0.1,0.48425153
1,0.1,0.55956686
1,0.1,0.40820551
1,0.1,0.34569016
1,0.1,0.58865947
1,0.1,0.78059071
1,0.1,0.57039994
1,0.1,0.64268607
1,0.1,0.57859445
1,0.1,0.54421794
1,0.1,0.55848944
1,0.1,0.83228719
1,0.1,0.59043521
1,0.1,0.49562290
1,0.1,0.41918162
1,0.1,0.32583603
1,0.1,0.52086872
1,0.1,0.46706924
1,0.1,0.50628412
1,0.1,0.39898002
1,0.1,0.63021064
1,0.1,0.64388627
1,0.1,0.61440271
1,0.1,0.59718710
1,0.1,0.42446491
1,0.1,0.55742830
1,0.1,0.45597541
1,0.1,0.36043420
1,0.1,0.55669326
1,0.1,0.59527022
1,0.1,0.57183707
1,0.1,0.50044280
1,0.1,0.50520504
1,0.1,0.54149789
1,0.1,0.55353665
1,0.1,0.55889070
1,0.1,0.60396391
1,0.1,0.55221033
1,0.1,0.56783956
1,0.1,0.43640172
1,0.1,0.70142484
1,0.1,0.48730263
1,0.1,0.51007116
1,0.1,0.57153547
1,0.1,0.45234543
1,0.1,0.48901746
1,0.1,0.44362891
1,0.1,0.66704786
1,0.1,0.52342135
1,0.1,0.54328895
1,0.1,0.59372413
1,0.1,0.48342627
1,0.1,0.50664765
1,0.1,0.44056049
1,0.1,0.35883763
1,0.1,0.47756726
1,0.1,0.39777431
1,0.1,0.54268253
1,0.1,0.42005232
1,0.1,0.42395735
1,0.1,0.43518341
1,0.1,0.46821392
1,0.1,0.39536455
1,0.2,0.46947289
1,0.2,0.39508954
1,0.2,0.50889945
1,0.2,0.45185155
1,0.2,0.56576395
1,0.2,0.45766008
1,0.2,0.47688952
1,0.2,0.47365963
1,0.2,0.48609066
1,0.2,0.53592956
1,0.2,0.66797262
1,0.2,0.51813352
1,0.2,0.33893710
1,0.2,0.42371237
1,0.2,0.42302552
1,0.2,0.61908215
1,0.2,0.50770754
1,0.2,0.47665542
1,0.2,0.53084803
1,0.2,0.40553299
1,0.2,0.48230347
1,0.2,0.43160316
1,0.2,0.41258892
1,0.2,0.40653872
1,0.2,0.47848278
1,0.2,0.56158900
1,0.2,0.42266026
1,0.2,0.45577106
1,0.2,0.47747269
1,0.2,0.41788831
1,0.2,0.43420058
1,0.2,0.49067998
1,0.2,0.40848139
1,0.2,0.54672474
1,0.2,0.49549067
1,0.2,0.47716045
1,0.2,0.50651819
1,0.2,0.28598356
1,0.2,0.41010359
1,0.2,0.46140227
1,0.2,0.45422193
1,0.2,0.53335357
1,0.2,0.48862723
1,0.2,0.49644658
1,0.2,0.39579442
1,0.2,0.36866245
1,0.2,0.47808185
1,0.2,0.30031618
1,0.2,0.53408599
1,0.2,0.28182152
1,0.2,0.38358313
1,0.2,0.41735658
1,0.2,0.51908845
1,0.2,0.47353938
1,0.2,0.47610757
1,0.2,0.35346526
1,0.2,0.36437494
1,0.2,0.46264315
1,0.2,0.36215428
1,0.2,0.33186516
1,0.2,0.43879122
1,0.2,0.49241334
1,0.2,0.41671014
1,0.2,0.42729178
1,0.2,0.41240323
1,0.2,0.43017402
1,0.2,0.40580299
1,0.2,0.42145807
1,0.3,0.37585786
1,0.3,0.37743405
1,0.3,0.38310465
1,0.3,0.36212921
1,0.3,0.41312459
1,0.3,0.44002292
1,0.3,0.45594835
1,0.3,0.43525732
1,0.3,0.40158397
1,0.3,0.48890734
1,0.3,0.45768976
1,0.3,0.44189003
1,0.3,0.38643715
1,0.3,0.41070890
1,0.3,0.36976814
1,0.3,0.54449362
1,0.3,0.37991986
1,0.3,0.46710962
1,0.3,0.43029889
1,0.3,0.40963864
1,0.3,0.52971214
1,0.3,0.52419221
1,0.3,0.44830161
1,0.3,0.42904165
1,0.3,0.49269965
1,0.3,0.46765956
1,0.3,0.43926635
1,0.3,0.48212606
1,0.3,0.51055795
1,0.3,0.52421123
1,0.3,0.46621466
1,0.3,0.50892371
1,0.3,0.37905964
1,0.3,0.37524864
1,0.3,0.36389601
1,0.3,0.42928630
1,0.3,0.43521142
1,0.3,0.47592217
1,0.3,0.39016634
1,0.3,0.40982375
1,0.3,0.41866118
1,0.3,0.37450141
1,0.3,0.45079219
1,0.3,0.40339759
1,0.3,0.46097305
1,0.3,0.53243166
1,0.3,0.38593826
1,0.3,0.44094595
1,0.3,0.45124009
1,0.3,0.54557753
1,0.3,0.41862687
1,0.3,0.43932655
1,0.3,0.44765526
1,0.3,0.45592079
1,0.3,0.36892578
1,0.3,0.49873215
1,0.3,0.40206882
1,0.3,0.34990275
1,0.3,0.43129498
1,0.3,0.42495397
1,0.3,0.43522957
1,0.3,0.32850501
1,0.3,0.39119098
1,0.3,0.44028169
1,0.3,0.54212886
1,0.3,0.39016891
1,0.3,0.41047871
1,0.3,0.49465820
1,0.3,0.43281180
1,0.4,0.56672865
1,0.4,0.52485031
1,0.4,0.39724222
1,0.4,0.46461061
1,0.4,0.35484889
1,0.4,0.37558073
1,0.4,0.41567501
1,0.4,0.43075737
1,0.4,0.44170776
1,0.4,0.39034900
1,0.4,0.46615961
1,0.4,0.47635284
1,0.4,0.46528319
1,0.4,0.45092323
1,0.4,0.34205687
1,0.4,0.40004319
1,0.4,0.43304995
1,0.4,0.39757916
1,0.4,0.36138552
1,0.4,0.37129340
1,0.4,0.52365321
1,0.4,0.42053732
1,0.4,0.42422098
1,0.4,0.47318676
1,0.4,0.42408660
1,0.4,0.46589908
1,0.4,0.39812770
1,0.4,0.44646135
1,0.4,0.47961697
1,0.4,0.37447110
1,0.4,0.41425401
1,0.4,0.39176199
1,0.4,0.34913847
1,0.4,0.47903717
1,0.4,0.38458639
1,0.4,0.47749078
1,0.4,0.38033894
1,0.4,0.45659971
1,0.4,0.45707315
1,0.4,0.39117199
1,0.4,0.39501649
1,0.4,0.34092295
1,0.4,0.56301683
1,0.4,0.44970995
1,0.4,0.34905374
1,0.4,0.44701803
1,0.4,0.40252769
1,0.4,0.27970654
1,0.4,0.35628933
1,0.4,0.49934769
1,0.4,0.39856583
1,0.4,0.39904922
1,0.4,0.40323895
1,0.4,0.36760369
1,0.4,0.33462957
1,0.4,0.40674305
1,0.4,0.44621167
1,0.4,0.43634272
1,0.4,0.48559511
1,0.4,0.47708902
1,0.4,0.35821837
1,0.4,0.45454919
1,0.4,0.37407070
1,0.4,0.43026307
1,0.4,0.41688621
1,0.4,0.38531896
1,0.4,0.41518617
1,0.4,0.50851935
1,0.4,0.45403999
1,0.5,0.32376477
1,0.5,0.43527621
1,0.5,0.31400743
1,0.5,0.41321510
1,0.5,0.36922020
1,0.5,0.43261781
1,0.5,0.42179963
1,0.5,0.40400371
1,0.5,0.48711640
1,0.5,0.44756898
1,0.5,0.39980128
1,0.5,0.49806234
1,0.5,0.55476433
1,0.5,0.48748749
1,0.5,0.49820516
1,0.5,0.35882297
1,0.5,0.43761921
1,0.5,0.43209362
1,0.5,0.43018091
1,0.5,0.38239309
1,0.5,0.43860856
1,0.5,0.46219727
1,0.5,0.47971839
1,0.5,0.35773733
1,0.5,0.39048570
1,0.5,0.36466730
1,0.5,0.48328382
1,0.5,0.40301406
1,0.5,0.41262081
1,0.5,0.38689637
1,0.5,0.48879176
1,0.5,0.36749363
1,0.5,0.41808534
1,0.5,0.37007794
1,0.5,0.31835392
1,0.5,0.55742991
1,0.5,0.44497904
1,0.5,0.39866647
1,0.5,0.31792632
1,0.5,0.40225461
1,0.5,0.38035071
1,0.5,0.40868020
1,0.5,0.44761673
1,0.5,0.50125057
1,0.5,0.47500351
1,0.5,0.42804646
1,0.5,0.35166413
1,0.5,0.41323206
1,0.5,0.36390641
1,0.5,0.39158803
1,0.5,0.33908716
1,0.5,0.46556893
1,0.5,0.46363094
1,0.5,0.48568612
1,0.5,0.39135143
1,0.5,0.42460322
1,0.5,0.39048693
1,0.5,0.43362468
1,0.5,0.39725149
1,0.5,0.37281883
1,0.5,0.39634264
1,0.5,0.39382082
1,0.5,0.51182520
1,0.5,0.31867701
1,0.5,0.48398778
1,0.5,0.41232136
1,0.5,0.40631974
1,0.5,0.42350280
1,0.5,0.29470575
1,0.6,0.44196826
1,0.6,0.40741995
1,0.6,0.29633623
1,0.6,0.43382999
1,0.6,0.42535719
1,0.6,0.42035168
1,0.6,0.38248521
1,0.6,0.48584333
1,0.6,0.34089610
1,0.6,0.37568417
1,0.6,0.42488712
1,0.6,0.41240641
1,0.6,0.44400579
1,0.6,0.45352852
1,0.6,0.42241490
1,0.6,0.35049075
1,0.6,0.47602725
1,0.6,0.38606447
1,0.6,0.32333291
1,0.6,0.42634514
1,0.6,0.35519966
1,0.6,0.42783523
1,0.6,0.42124870
1,0.6,0.35706502
1,0.6,0.32854071
1,0.6,0.36305970
1,0.6,0.36892614
1,0.6,0.40610293
1,0.6,0.40481555
1,0.6,0.39803502
1,0.6,0.43586275
1,0.6,0.31946996
1,0.6,0.37917694
1,0.6,0.40408328
1,0.6,0.30241814
1,0.6,0.29595417
1,0.6,0.39782512
1,0.6,0.32284248
1,0.6,0.28814098
1,0.6,0.34726554
1,0.6,0.41258642
1,0.6,0.37763298
1,0.6,0.33626148
1,0.6,0.35996714
1,0.6,0.40913492
1,0.6,0.49227846
1,0.6,0.42975333
1,0.6,0.36818504
1,0.6,0.44658595
1,0.6,0.32955655
1,0.6,0.38311508
1,0.6,0.43834785
1,0.6,0.41800728
1,0.6,0.42255142
1,0.6,0.42238820
1,0.6,0.35231966
1,0.6,0.43756163
1,0.6,0.39686060
1,0.6,0.36165342
1,0.6,0.40476418
1,0.6,0.42714188
1,0.6,0.34220234
1,0.6,0.34365892
1,0.6,0.33411270
1,0.6,0.43189713
1,0.6,0.38879719
1,0.6,0.33740640
1,0.6,0.38368514
1,0.6,0.31271496
1,0.7,0.39076668
1,0.7,0.39311594
1,0.7,0.35668901
1,0.7,0.35372445
1,0.7,0.39282885
1,0.7,0.42068613
1,0.7,0.36048603
1,0.7,0.35526028
1,0.7,0.38114142
1,0.7,0.28721631
1,0.7,0.36773989
1,0.7,0.35416120
1,0.7,0.41341951
1,0.7,0.35921857
1,0.7,0.33669162
1,0.7,0.45392537
1,0.7,0.39327070
1,0.7,0.28955546
1,0.7,0.37767151
1,0.7,0.42403871
1,0.7,0.38521823
1,0.7,0.33589467
1,0.7,0.35156813
1,0.7,0.34312859
1,0.7,0.39947519
1,0.7,0.29512346
1,0.7,0.48511514
1,0.7,0.44087157
1,0.7,0.43700200
1,0.7,0.32869300
1,0.7,0.40389675
1,0.7,0.32246965
1,0.7,0.42655814
1,0.7,0.38630694
1,0.7,0.46581221
1,0.7,0.32501030
1,0.7,0.52192402
1,0.7,0.45822242
1,0.7,0.33098519
1,0.7,0.37608263
1,0.7,0.39370060
1,0.7,0.42179653
1,0.7,0.47452986
1,0.7,0.38548636
1,0.7,0.31975302
1,0.7,0.39619347
1,0.7,0.43266723
1,0.7,0.38450694
1,0.7,0.36562908
1,0.7,0.44338930
1,0.7,0.38705406
1,0.7,0.37919104
1,0.7,0.42401746
1,0.7,0.45923647
1,0.7,0.47202682
1,0.7,0.29020256
1,0.7,0.35548431
1,0.7,0.39909869
1,0.7,0.38979152
1,0.7,0.40094164
1,0.7,0.45952398
1,0.7,0.42923540
1,0.7,0.49200958
1,0.7,0.37038368
1,0.7,0.42749563
1,0.7,0.41683280
1,0.7,0.39146492
1,0.7,0.34306207
1,0.8,0.32772928
1,0.8,0.27406600
1,0.8,0.32411444
1,0.8,0.42720896
1,0.8,0.35398304
1,0.8,0.36122054
1,0.8,0.44586647
1,0.8,0.32654703
1,0.8,0.39422345
1,0.8,0.35954714
1,0.8,0.43168595
1,0.8,0.51218319
1,0.8,0.34939584
1,0.8,0.40411848
1,0.8,0.41641963
1,0.8,0.41295266
1,0.8,0.41686273
1,0.8,0.44412336
1,0.8,0.41369522
1,0.8,0.45654947
1,0.8,0.34772247
1,0.8,0.46983990
1,0.8,0.34932661
1,0.8,0.42069310
1,0.8,0.37892741
1,0.8,0.32663867
1,0.8,0.46001199
1,0.8,0.34544632
1,0.8,0.36593559
1,0.8,0.40756494
1,0.8,0.34034234
1,0.8,0.43162626
1,0.8,0.40805006
1,0.8,0.39075443
1,0.8,0.35953394
1,0.8,0.39650953
1,0.8,0.45975694
1,0.8,0.44690016
1,0.8,0.38034022
1,0.8,0.33331618
1,0.8,0.45439664
1,0.8,0.35806379
1,0.8,0.32727233
1,0.8,0.43884251
1,0.8,0.44143558
1,0.8,0.40638170
1,0.8,0.38982052
1,0.8,0.36008033
1,0.8,0.35282591
1,0.8,0.33826858
1,0.8,0.39437005
1,0.8,0.51492482
1,0.8,0.44006768
1,0.8,0.29710773
1,0.8,0.44370008
1,0.8,0.37423006
1,0.8,0.37886313
1,0.8,0.33218086
1,0.8,0.42560744
1,0.8,0.34735802
1,0.8,0.37650257
1,0.8,0.29647711
1,0.8,0.29142106
1,0.8,0.34457013
1,0.8,0.39676663
1,0.8,0.36275795
1,0.8,0.42549208
1,0.8,0.39347485
1,0.8,0.34522912
1,0.9,0.30409577
1,0.9,0.33165443
1,0.9,0.37901390
1,0.9,0.45628521
1,0.9,0.33524480
1,0.9,0.48793235
1,0.9,0.44104692
1,0.9,0.35267529
1,0.9,0.29526451
1,0.9,0.34509203
1,0.9,0.38170075
1,0.9,0.29606175
1,0.9,0.36919060
1,0.9,0.34707722
1,0.9,0.42667475
1,0.9,0.42594665
1,0.9,0.40562236
1,0.9,0.27795082
1,0.9,0.38339218
1,0.9,0.40776351
1,0.9,0.41149563
1,0.9,0.42956257
1,0.9,0.37014532
1,0.9,0.37118763
1,0.9,0.36061537
1,0.9,0.33266497
1,0.9,0.46727663
1,0.9,0.49979681
1,0.9,0.43069813
1,0.9,0.36757073
1,0.9,0.50503725
1,0.9,0.37597057
1,0.9,0.35636127
1,0.9,0.31763908
1,0.9,0.42886773
1,0.9,0.41546702
1,0.9,0.39015728
1,0.9,0.55703360
1,0.9,0.40738198
1,0.9,0.37298563
1,0.9,0.35307828
1,0.9,0.31811860
1,0.9,0.45404181
1,0.9,0.40905452
1,0.9,0.38641343
1,0.9,0.43415260
1,0.9,0.52587235
1,0.9,0.37502289
1,0.9,0.44920912
1,0.9,0.31085214
1,0.9,0.28361407
1,0.9,0.38390821
1,0.9,0.45604926
1,0.9,0.36854151
1,0.9,0.39368975
1,0.9,0.36658540
1,0.9,0.32911518
1,0.9,0.41728416
1,0.9,0.39824188
1,0.9,0.34773627
1,0.9,0.33112392
1,0.9,0.44792011
1,0.9,0.47205168
1,0.9,0.28317386
1,0.9,0.32733685
1,0.9,0.39407480
1,0.9,0.39819488
1,0.9,0.23560853
1,0.9,0.37789348
1,1.0,0.41560835
1,1.0,0.47600064
1,1.0,0.28548023
1,1.0,0.25211054
1,1.0,0.42846200
1,1.0,0.35445428
1,1.0,0.29472843
1,1.0,0.27955818
1,1.0,0.40829808
1,1.0,0.24902169
1,1.0,0.39590615
1,1.0,0.38846257
1,1.0,0.36911595
1,1.0,0.31742650
1,1.0,0.42618632
1,1.0,0.44351166
1,1.0,0.38751736
1,1.0,0.39782774
1,1.0,0.42957532
1,1.0,0.46838444
1,1.0,0.51106715
1,1.0,0.41574579
1,1.0,0.40442610
1,1.0,0.33312586
1,1.0,0.33532497
1,1.0,0.38388845
1,1.0,0.29495242
1,1.0,0.46874967
1,1.0,0.36148703
1,1.0,0.40206531
1,1.0,0.43491277
1,1.0,0.40360135
1,1.0,0.34544799
1,1.0,0.37717748
1,1.0,0.32845074
1,1.0,0.33456397
1,1.0,0.28823948
1,1.0,0.33460838
1,1.0,0.34782034
1,1.0,0.22685082
1,1.0,0.33397773
1,1.0,0.49920681
1,1.0,0.35870492
1,1.0,0.35859135
1,1.0,0.36765063
1,1.0,0.42388442
1,1.0,0.52295554
1,1.0,0.42168272
1,1.0,0.42060897
1,1.0,0.35570657
1,1.0,0.36288384
1,1.0,0.34632644
1,1.0,0.34860805
1,1.0,0.36037454
1,1.0,0.30602539
1,1.0,0.43787819
1,1.0,0.34467274
1,1.0,0.43930802
1,1.0,0.44612417
1,1.0,0.38115036
1,1.0,0.42257786
1,1.0,0.45746571
1,1.0,0.32277277
1,1.0,0.35197389
1,1.0,0.29460230
1,1.0,0.31769687
1,1.0,0.41269737
1,1.0,0.37625578
1,1.0,0.48733607
1,1.1,0.42246196
1,1.1,0.45182642
1,1.1,0.30989116
1,1.1,0.38360876
1,1.1,0.35961053
1,1.1,0.35805881
1,1.1,0.39181989
1,1.1,0.33649009
1,1.1,0.38418493
1,1.1,0.41587251
1,1.1,0.44971523
1,1.1,0.39988503
1,1.1,0.39467055
1,1.1,0.51782578
1,1.1,0.25654152
1,1.1,0.31822264
1,1.1,0.49512500
1,1.1,0.38763395
1,1.1,0.27386656
1,1.1,0.38833320
1,1.1,0.39891517
1,1.1,0.35591179
1,1.1,0.34270570
1,1.1,0.39724773
1,1.1,0.40811217
1,1.1,0.33301258
1,1.1,0.39032176
1,1.1,0.42544830
1,1.1,0.49747854
1,1.1,0.37342680
1,1.1,0.39763293
1,1.1,0.34300029
1,1.1,0.42834163
1,1.1,0.29955998
1,1.1,0.35045007
1,1.1,0.38238215
1,1.1,0.32756078
1,1.1,0.50929642
1,1.1,0.44790700
1,1.1,0.40494829
1,1.1,0.36625081
1,1.1,0.37245438
1,1.1,0.29617870
1,1.1,0.39034534
1,1.1,0.29534113
1,1.1,0.30630991
1,1.1,0.40179151
1,1.1,0.29816890
1,1.1,0.39513728
1,1.1,0.36019152
1,1.1,0.41355276
1,1.1,0.35533622
1,1.1,0.48974851
1,1.1,0.32307228
1,1.1,0.43358055
1,1.1,0.45348337
1,1.1,0.37179700
1,1.1,0.35848689
1,1.1,0.48237202
1,1.1,0.35327783
1,1.1,0.33555600
1,1.1,0.31959429
1,1.1,0.43042129
1,1.1,0.29776299
1,1.1,0.35445780
1,1.1,0.34447452
1,1.1,0.35380962
1,1.1,0.39141232
1,1.1,0.26577318
1,1.2,0.32039726
1,1.2,0.45912850
1,1.2,0.33666664
1,1.2,0.33421469
1,1.2,0.39385402
1,1.2,0.39495409
1,1.2,0.41146657
1,1.2,0.42323142
1,1.2,0.40490511
1,1.2,0.46056607
1,1.2,0.37638995
1,1.2,0.39570493
1,1.2,0.38063711
1,1.2,0.31746778
1,1.2,0.39989799
1,1.2,0.39506957
1,1.2,0.48035401
1,1.2,0.37313432
1,1.2,0.42275470
1,1.2,0.37913021
1,1.2,0.35962033
1,1.2,0.37655911
1,1.2,0.44436184
1,1.2,0.46445915
1,1.2,0.43251067
1,1.2,0.29817981
1,1.2,0.41733652
1,1.2,0.33561528
1,1.2,0.37284940
1,1.2,0.34554803
1,1.2,0.40020448
1,1.2,0.43188134
1,1.2,0.43101567
1,1.2,0.35115469
1,1.2,0.35014561
1,1.2,0.33385509
1,1.2,0.37478426
1,1.2,0.37048498
1,1.2,0.36371455
1,1.2,0.29234207
1,1.2,0.31763244
1,1.2,0.46395767
1,1.2,0.27854854
1,1.2,0.41779125
1,1.2,0.31615672
1,1.2,0.34527045
1,1.2,0.39597976
1,1.2,0.32452947
1,1.2,0.34200272
1,1.2,0.38528255
1,1.2,0.36636376
1,1.2,0.45173475
1,1.2,0.38210073
1,1.2,0.39162800
1,1.2,0.40067708
1,1.2,0.30243805
1,1.2,0.26750866
1,1.2,0.34326169
1,1.2,0.33728883
1,1.2,0.44594055
1,1.2,0.41362730
1,1.2,0.34906125
1,1.2,0.43567795
1,1.2,0.40849265
1,1.2,0.34863639
1,1.2,0.42781866
1,1.2,0.32955661
1,1.2,0.28302464
1,1.3,0.33521414
1,1.3,0.32044974
1,1.3,0.43826696
1,1.3,0.29336902
1,1.3,0.35058257
1,1.3,0.24394797
1,1.3,0.42703247
1,1.3,0.30979913
1,1.3,0.37549868
1,1.3,0.43142277
1,1.3,0.40342522
1,1.3,0.35389623
1,1.3,0.36489344
1,1.3,0.38179773
1,1.3,0.35687986
1,1.3,0.36060569
1,1.3,0.35737973
1,1.3,0.36044723
1,1.3,0.32448101
1,1.3,0.39579964
1,1.3,0.37437195
1,1.3,0.45511192
1,1.3,0.35450488
1,1.3,0.39331692
1,1.3,0.43552503
1,1.3,0.29801923
1,1.3,0.29037109
1,1.3,0.25263801
1,1.3,0.25636259
1,1.3,0.29359710
1,1.3,0.35898611
1,1.3,0.35818726
1,1.3,0.32762763
1,1.3,0.31342432
1,1.3,0.37852949
1,1.3,0.34619707
1,1.3,0.35917431
1,1.3,0.41998383
1,1.3,0.54637778
1,1.3,0.31860632
1,1.3,0.31784463
1,1.3,0.39288530
1,1.3,0.33770078
1,1.3,0.36403930
1,1.3,0.35387737
1,1.3,0.36537099
1,1.3,0.31125212
1,1.3,0.38493815
1,1.3,0.40031520
1,1.3,0.27769586
1,1.3,0.32267600
1,1.3,0.39064187
1,1.3,0.23317920
1,1.3,0.42525986
1,1.3,0.31575063
1,1.3,0.35342190
1,1.3,0.37014571
1,1.3,0.37446976
1,1.3,0.34696037
1,1.3,0.35096416
1,1.3,0.25202069
1,1.3,0.32350081
1,1.3,0.25873426
1,1.3,0.38540107
1,1.3,0.28006586
1,1.3,0.28365389
1,1.3,0.30611819
1,1.3,0.45585555
1,1.3,0.34357691
1,1.4,0.37072101
1,1.4,0.56885558
1,1.4,0.35771799
1,1.4,0.27721497
1,1.4,0.35286587
1,1.4,0.33553380
1,1.4,0.33982298
1,1.4,0.36383277
1,1.4,0.49157164
1,1.4,0.33069140
1,1.4,0.40896970
1,1.4,0.32469437
1,1.4,0.29886839
1,1.4,0.35475594
1,1.4,0.32808274
1,1.4,0.29990539
1,1.4,0.39271417
1,1.4,0.31619248
1,1.4,0.31501433
1,1.4,0.32870385
1,1.4,0.33027759
1,1.4,0.34126273
1,1.4,0.40290040
1,1.4,0.35063615
1,1.4,0.48919269
1,1.4,0.32458118
1,1.4,0.36538497
1,1.4,0.30581361
1,1.4,0.38161910
1,1.4,0.35537550
1,1.4,0.27901301
1,1.4,0.43943343
1,1.4,0.37174332
1,1.4,0.41188988
1,1.4,0.35488874
1,1.4,0.31003228
1,1.4,0.24932766
1,1.4,0.36517754
1,1.4,0.30733758
1,1.4,0.36333689
1,1.4,0.48137146
1,1.4,0.31201285
1,1.4,0.31994858
1,1.4,0.33967990
1,1.4,0.23964211
1,1.4,0.44467869
1,1.4,0.23674434
1,1.4,0.29551813
1,1.4,0.32536805
1,1.4,0.48489234
1,1.4,0.41352251
1,1.4,0.34136346
1,1.4,0.40672550
1,1.4,0.31077719
1,1.4,0.31461006
1,1.4,0.33062536
1,1.4,0.35119218
1,1.4,0.36554086
1,1.4,0.33160624
1,1.4,0.34350556
1,1.4,0.31049865
1,1.4,0.28768525
1,1.4,0.46016407
1,1.4,0.32248765
1,1.4,0.32100719
1,1.4,0.27522296
1,1.4,0.38293299
1,1.4,0.35129631
1,1.4,0.42861152
1,1.5,0.36770168
1,1.5,0.40463153
1,1.5,0.32269543
1,1.5,0.37456024
1,1.5,0.33906838
1,1.5,0.34229699
1,1.5,0.38208207
1,1.5,0.35446292
1,1.5,0.38286689
1,1.5,0.31035349
1,1.5,0.39687750
1,1.5,0.34764460
1,1.5,0.41666856
1,1.5,0.38861459
1,1.5,0.25633466
1,1.5,0.29574341
1,1.5,0.39420733
1,1.5,0.33155170
1,1.5,0.32103661
1,1.5,0.38547552
1,1.5,0.46338946
1,1.5,0.34576035
1,1.5,0.34602204
1,1.5,0.32471591
1,1.5,0.36533523
1,1.5,0.35105920
1,1.5,0.40092519
1,1.5,0.35146999
1,1.5,0.27209049
1,1.5,0.44640902
1,1.5,0.30696878
1,1.5,0.30808082
1,1.5,0.34640330
1,1.5,0.31637806
1,1.5,0.28168157
1,1.5,0.34589806
1,1.5,0.38379839
1,1.5,0.36685401
1,1.5,0.34177995
1,1.5,0.29444632
1,1.5,0.37133709
1,1.5,0.27897355
1,1.5,0.48558804
1,1.5,0.25895712
1,1.5,0.31183606
1,1.5,0.29547557
1,1.5,0.34270453
1,1.5,0.41035721
1,1.5,0.33491537
1,1.5,0.29616410
1,1.5,0.33858681
1,1.5,0.46234903
1,1.5,0.32275629
1,1.5,0.38602799
1,1.5,0.30014688
1,1.5,0.27586782
1,1.5,0.28937668
1,1.5,0.43757114
1,1.5,0.41080934
1,1.5,0.54537928
1,1.5,0.39096400
1,1.5,0.30032665
1,1.5,0.37589669
1,1.5,0.38965094
1,1.5,0.31559786
1,1.5,0.34763783
1,1.5,0.30052939
1,1.5,0.33405122
1,1.5,0.33044955
1,1.6,0.36281702
1,1.6,0.32882020
1,1.6,0.35648465
1,1.6,0.41869393
1,1.6,0.33095765
1,1.6,0.30622670
1,1.6,0.35235327
1,1.6,0.45379341
1,1.6,0.30024120
1,1.6,0.36682189
1,1.6,0.37583387
1,1.6,0.36026862
1,1.6,0.42642257
1,1.6,0.27616942
1,1.6,0.30637425
1,1.6,0.37591082
1,1.6,0.34730887
1,1.6,0.34685075
1,1.6,0.40910947
1,1.6,0.34480131
1,1.6,0.31326276
1,1.6,0.31178373
1,1.6,0.31605777
1,1.6,0.35620576
1,1.6,0.34786618
1,1.6,0.37341550
1,1.6,0.27432099
1,1.6,0.39976677
1,1.6,0.38810146
1,1.6,0.34215897
1,1.6,0.49710697
1,1.6,0.32906404
1,1.6,0.39917344
1,1.6,0.34066629
1,1.6,0.36071086
1,1.6,0.23025794
1,1.6,0.34710512
1,1.6,0.32817397
1,1.6,0.24845594
1,1.6,0.29275858
1,1.6,0.40598923
1,1.6,0.36771068
1,1.6,0.35530576
1,1.6,0.31531325
1,1.6,0.31541890
1,1.6,0.29702666
1,1.6,0.31335205
1,1.6,0.35999706
1,1.6,0.22072142
1,1.6,0.30934024
1,1.6,0.34628785
1,1.6,0.41719732
1,1.6,0.40461096
1,1.6,0.30663648
1,1.6,0.43120471
1,1.6,0.35082310
1,1.6,0.37542936
1,1.6,0.26195958
1,1.6,0.30858281
1,1.6,0.40757188
1,1.6,0.36038658
1,1.6,0.33007881
1,1.6,0.31140468
1,1.6,0.30794272
1,1.6,0.28683543
1,1.6,0.38413820
1,1.6,0.38589698
1,1.6,0.33016589
1,1.6,0.42683932
1,1.7,0.38737407
1,1.7,0.38120237
1,1.7,0.42174655
1,1.7,0.26202324
1,1.7,0.22332150
1,1.7,0.31957406
1,1.7,0.33798772
1,1.7,0.31334299
1,1.7,0.36724573
1,1.7,0.31179094
1,1.7,0.31980732
1,1.7,0.24442838
1,1.7,0.28992552
1,1.7,0.37484023
1,1.7,0.36065972
1,1.7,0.32477841
1,1.7,0.30726320
1,1.7,0.36212164
1,1.7,0.36433107
1,1.7,0.34557983
1,1.7,0.57562506
1,1.7,0.38082421
1,1.7,0.33543977
1,1.7,0.30640858
1,1.7,0.33618224
1,1.7,0.35445160
1,1.7,0.32577419
1,1.7,0.36636797
1,1.7,0.34060585
1,1.7,0.33911520
1,1.7,0.41645917
1,1.7,0.32786855
1,1.7,0.47499940
1,1.7,0.33166820
1,1.7,0.34013811
1,1.7,0.34139302
1,1.7,0.27266279
1,1.7,0.34603158
1,1.7,0.30888745
1,1.7,0.35348481
1,1.7,0.33545509
1,1.7,0.29772726
1,1.7,0.32511869
1,1.7,0.35517603
1,1.7,0.41658574
1,1.7,0.34946314
1,1.7,0.27673808
1,1.7,0.39070895
1,1.7,0.28231135
1,1.7,0.41083533
1,1.7,0.37723526
1,1.7,0.34912351
1,1.7,0.40307552
1,1.7,0.30245891
1,1.7,0.28550476
1,1.7,0.36829713
1,1.7,0.33112395
1,1.7,0.34034142
1,1.7,0.34052685
1,1.7,0.32229036
1,1.7,0.42863357
1,1.7,0.31052530
1,1.7,0.29063153
1,1.7,0.38860521
1,1.7,0.35364434
1,1.7,0.39954957
1,1.7,0.29516694
1,1.7,0.39905775
1,1.8,0.31751469
1,1.8,0.32861209
1,1.8,0.34985724
1,1.8,0.27626774
1,1.8,0.41522285
1,1.8,0.42270681
1,1.8,0.36325106
1,1.8,0.37425971
1,1.8,0.39004451
1,1.8,0.33160743
1,1.8,0.41603374
1,1.8,0.31736240
1,1.8,0.31771269
1,1.8,0.30259815
1,1.8,0.45383269
1,1.8,0.33004972
1,1.8,0.35555556
1,1.8,0.24296014
1,1.8,0.36328742
1,1.8,0.39065355
1,1.8,0.34659812
1,1.8,0.40505931
1,1.8,0.39922231
1,1.8,0.27883157
1,1.8,0.37184384
1,1.8,0.27734143
1,1.8,0.30614910
1,1.8,0.36068520
1,1.8,0.33102044
1,1.8,0.30906203
1,1.8,0.36450097
1,1.8,0.23932399
1,1.8,0.28102475
1,1.8,0.33976462
1,1.8,0.33736390
1,1.8,0.22826730
1,1.8,0.32366794
1,1.8,0.25061950
1,1.8,0.31011304
1,1.8,0.30924597
1,1.8,0.37917289
1,1.8,0.30771682
1,1.8,0.29884911
1,1.8,0.31742841
1,1.8,0.29346463
1,1.8,0.35519946
1,1.8,0.32617497
1,1.8,0.36405805
1,1.8,0.38720685
1,1.8,0.36453086
1,1.8,0.33351582
1,1.8,0.28616711
1,1.8,0.30733064
1,1.8,0.34981313
1,1.8,0.34433922
1,1.8,0.36931825
1,1.8,0.32524407
1,1.8,0.37271297
1,1.8,0.34713298
1,1.8,0.33674037
1,1.8,0.37017095
1,1.8,0.32978204
1,1.8,0.27328512
1,1.8,0.25663403
1,1.8,0.26438469
1,1.8,0.39658847
1,1.8,0.49627334
1,1.8,0.27194232
1,1.8,0.40034732
1,1.9,0.36535633
1,1.9,0.46004137
1,1.9,0.31733993
1,1.9,0.38947639
1,1.9,0.33064020
1,1.9,0.42094618
1,1.9,0.46364412
1,1.9,0.33669162
1,1.9,0.36678368
1,1.9,0.36437526
1,1.9,0.34535351
1,1.9,0.36227745
1,1.9,0.26562276
1,1.9,0.37408578
1,1.9,0.31955105
1,1.9,0.28315127
1,1.9,0.33032566
1,1.9,0.47134811
1,1.9,0.34977502
1,1.9,0.28908536
1,1.9,0.30830002
1,1.9,0.34927547
1,1.9,0.41078678
1,1.9,0.34211433
1,1.9,0.35236683
1,1.9,0.33555150
1,1.9,0.24949609
1,1.9,0.29536608
1,1.9,0.37964016
1,1.9,0.40812957
1,1.9,0.27595747
1,1.9,0.29007271
1,1.9,0.42579591
1,1.9,0.34548280
1,1.9,0.28604308
1,1.9,0.30967274
1,1.9,0.33199829
1,1.9,0.33705810
1,1.9,0.29220542
1,1.9,0.28062192
1,1.9,0.33227190
1,1.9,0.34637389
1,1.9,0.28448525
1,1.9,0.25470230
1,1.9,0.28560370
1,1.9,0.26530436
1,1.9,0.43403915
1,1.9,0.32025301
1,1.9,0.34307995
1,1.9,0.35620424
1,1.9,0.49339601
1,1.9,0.29780751
1,1.9,0.26349336
1,1.9,0.25410953
1,1.9,0.26851624
1,1.9,0.35082731
1,1.9,0.23293912
1,1.9,0.31721464
1,1.9,0.27749446
1,1.9,0.31776658
1,1.9,0.43594995
1,1.9,0.30756631
1,1.9,0.26602516
1,1.9,0.37007457
1,1.9,0.30394304
1,1.9,0.28171095
1,1.9,0.23237368
1,1.9,0.37163270
1,1.9,0.35648263
1,2.0,0.39793071
1,2.0,0.39137146
1,2.0,0.35769147
1,2.0,0.29769814
1,2.0,0.34341958
1,2.0,0.41315043
1,2.0,0.31123608
1,2.0,0.27542177
1,2.0,0.41584846
1,2.0,0.31747761
1,2.0,0.35750070
1,2.0,0.31901813
1,2.0,0.32685888
1,2.0,0.36550248
1,2.0,0.32626015
1,2.0,0.38978964
1,2.0,0.32459539
1,2.0,0.33236739
1,2.0,0.17305005
1,2.0,0.36683986
1,2.0,0.31631735
1,2.0,0.35445938
1,2.0,0.38190353
1,2.0,0.47334081
1,2.0,0.31524104
1,2.0,0.26160482
1,2.0,0.27371669
1,2.0,0.33398613
1,2.0,0.33014622
1,2.0,0.28423721
1,2.0,0.26755217
1,2.0,0.31812501
1,2.0,0.30415806
1,2.0,0.43850961
1,2.0,0.34840852
1,2.0,0.35279232
1,2.0,0.36603290
1,2.0,0.44500178
1,2.0,0.32472184
1,2.0,0.28357017
1,2.0,0.41267201
1,2.0,0.33710974
1,2.0,0.28429595
1,2.0,0.24678233
1,2.0,0.33742079
1,2.0,0.42822576
1,2.0,0.39255896
1,2.0,0.25971231
1,2.0,0.36665088
1,2.0,0.36781409
1,2.0,0.34257248
1,2.0,0.33354256
1,2.0,0.34330955
1,2.0,0.29726249
1,2.0,0.38128230
1,2.0,0.32052103
1,2.0,0.26820922
1,2.0,0.34196201
1,2.0,0.20346758
1,2.0,0.24252784
1,2.0,0.32512808
1,2.0,0.28942198
1,2.0,0.44373563
1,2.0,0.34718186
1,2.0,0.28281090
1,2.0,0.30187452
1,2.0,0.32884574
1,2.0,0.30784881
1,2.0,0.38584930
1,2.1,0.28895846
1,2.1,0.42465159
1,2.1,0.32348529
1,2.1,0.31004432
1,2.1,0.31574368
1,2.1,0.39512101
1,2.1,0.31624475
1,2.1,0.31586379
1,2.1,0.32171535
1,2.1,0.30503362
1,2.1,0.34570149
1,2.1,0.37625983
1,2.1,0.30046770
1,2.1,0.33172664
1,2.1,0.28392598
1,2.1,0.36726847
1,2.1,0.30198759
1,2.1,0.30168507
1,2.1,0.34299242
1,2.1,0.25337818
1,2.1,0.34853932
1,2.1,0.37436834
1,2.1,0.33893114
1,2.1,0.31283268
1,2.1,0.38070589
1,2.1,0.20768765
1,2.1,0.23364919
1,2.1,0.23115258
1,2.1,0.38380909
1,2.1,0.32199594
1,2.1,0.27208921
1,2.1,0.32799202
1,2.1,0.28460887
1,2.1,0.42142150
1,2.1,0.34672639
1,2.1,0.24065903
1,2.1,0.30856958
1,2.1,0.22880843
1,2.1,0.31430724
1,2.1,0.31499195
1,2.1,0.31367213
1,2.1,0.43083239
1,2.1,0.30872667
1,2.1,0.39053273
1,2.1,0.29521692
1,2.1,0.38388672
1,2.1,0.34077013
1,2.1,0.41293511
1,2.1,0.49603355
1,2.1,0.34908304
1,2.1,0.33945185
1,2.1,0.25325108
1,2.1,0.31321549
1,2.1,0.25981483
1,2.1,0.29487881
1,2.1,0.28964245
1,2.1,0.28709263
1,2.1,0.41809535
1,2.1,0.23549598
1,2.1,0.36984676
1,2.1,0.31897554
1,2.1,0.31947961
1,2.1,0.37959015
1,2.1,0.30263153
1,2.1,0.34721714
1,2.1,0.24810235
1,2.1,0.31253740
1,2.1,0.32423246
1,2.2,0.25767925
1,2.2,0.32434574
1,2.2,0.32585931
1,2.2,0.28543767
1,2.2,0.36639845
1,2.2,0.31353390
1,2.2,0.36817259
1,2.2,0.24152286
1,2.2,0.34929281
1,2.2,0.22313917
1,2.2,0.31797993
1,2.2,0.28104100
1,2.2,0.28655851
1,2.2,0.25473428
1,2.2,0.36086267
1,2.2,0.29852891
1,2.2,0.28242537
1,2.2,0.23346899
1,2.2,0.24009162
1,2.2,0.37906775
1,2.2,0.30375618
1,2.2,0.30608258
1,2.2,0.37927288
1,2.2,0.34679729
1,2.2,0.40472400
1,2.2,0.26322186
1,2.2,0.31875092
1,2.2,0.32104796
1,2.2,0.40135300
1,2.2,0.34647718
1,2.2,0.31494743
1,2.2,0.40392846
1,2.2,0.35906094
1,2.2,0.27906144
1,2.2,0.34587097
1,2.2,0.23547819
1,2.2,0.40139902
1,2.2,0.31033823
1,2.2,0.28811300
1,2.2,0.30328006
1,2.2,0.26695687
1,2.2,0.31366628
1,2.2,0.29627159
1,2.2,0.32451123
1,2.2,0.43098474
1,2.2,0.44610241
1,2.2,0.31305572
1,2.2,0.30238172
1,2.2,0.27268803
1,2.2,0.33542085
1,2.2,0.35209477
1,2.2,0.31111318
1,2.2,0.43751210
1,2.2,0.27674180
1,2.2,0.33845919
1,2.2,0.32749200
1,2.2,0.28743890
1,2.2,0.30202112
1,2.2,0.31316561
1,2.2,0.24265686
1,2.2,0.25276083
1,2.2,0.36503291
1,2.2,0.48466644
1,2.2,0.48094669
1,2.2,0.41124538
1,2.2,0.48516515
1,2.2,0.28122386
1,2.2,0.23703088
1,2.2,0.35090458
1,2.3,0.28999949
1,2.3,0.25939232
1,2.3,0.33067268
1,2.3,0.27589864
1,2.3,0.23520541
1,2.3,0.27171478
1,2.3,0.37058613
1,2.3,0.26795128
1,2.3,0.39901310
1,2.3,0.34914193
1,2.3,0.25477889
1,2.3,0.27604070
1,2.3,0.27744403
1,2.3,0.27947578
1,2.3,0.39604574
1,2.3,0.30129460
1,2.3,0.30810994
1,2.3,0.21515445
1,2.3,0.29233170
1,2.3,0.28698391
1,2.3,0.36899060
1,2.3,0.36322048
1,2.3,0.25068846
1,2.3,0.36322564
1,2.3,0.22927479
1,2.3,0.34780079
1,2.3,0.26368019
1,2.3,0.39427522
1,2.3,0.39162061
1,2.3,0.29841560
1,2.3,0.32407945
1,2.3,0.26209170
1,2.3,0.37652642
1,2.3,0.20457590
1,2.3,0.35753071
1,2.3,0.29682136
1,2.3,0.35765016
1,2.3,0.39075130
1,2.3,0.31812072
1,2.3,0.41062063
1,2.3,0.30521178
1,2.3,0.34437668
1,2.3,0.37318078
1,2.3,0.30809245
1,2.3,0.29249996
1,2.3,0.27512425
1,2.3,0.26796848
1,2.3,0.27561045
1,2.3,0.36596775
1,2.3,0.24824098
1,2.3,0.29574490
1,2.3,0.20624544
1,2.3,0.31796381
1,2.3,0.27846813
1,2.3,0.25388134
1,2.3,0.33645269
1,2.3,0.33574998
1,2.3,0.24147929
1,2.3,0.29051077
1,2.3,0.34037176
1,2.3,0.29882202
1,2.3,0.43116015
1,2.3,0.24706587
1,2.3,0.24278158
1,2.3,0.40334415
1,2.3,0.28564760
1,2.3,0.25638047
1,2.3,0.35449380
1,2.3,0.38638207
1,2.4,0.32746327
1,2.4,0.43586591
1,2.4,0.38503265
1,2.4,0.32247815
1,2.4,0.31282765
1,2.4,0.22317775
1,2.4,0.24396834
1,2.4,0.27080035
1,2.4,0.40996990
1,2.4,0.27255207
1,2.4,0.28844038
1,2.4,0.40246522
1,2.4,0.28029105
1,2.4,0.26084623
1,2.4,0.23520024
1,2.4,0.27673742
1,2.4,0.29768133
1,2.4,0.44388348
1,2.4,0.29757193
1,2.4,0.34560654
1,2.4,0.28593907
1,2.4,0.27650118
1,2.4,0.29083124
1,2.4,0.28367722
1,2.4,0.32393128
1,2.4,0.30305398
1,2.4,0.32715711
1,2.4,0.40464962
1,2.4,0.36532298
1,2.4,0.21594149
1,2.4,0.32985708
1,2.4,0.38949037
1,2.4,0.19981819
1,2.4,0.30207828
1,2.4,0.32954410
1,2.4,0.30312079
1,2.4,0.31948021
1,2.4,0.27401638
1,2.4,0.36014682
1,2.4,0.41452843
1,2.4,0.25795311
1,2.4,0.22385424
1,2.4,0.35329467
1,2.4,0.24121349
1,2.4,0.27650797
1,2.4,0.33334941
1,2.4,0.26262078
1,2.4,0.40563610
1,2.4,0.33146739
1,2.4,0.40869740
1,2.4,0.41142178
1,2.4,0.35157073
1,2.4,0.32309043
1,2.4,0.32923657
1,2.4,0.39893892
1,2.4,0.43406796
1,2.4,0.36210418
1,2.4,0.25117552
1,2.4,0.35124663
1,2.4,0.22825323
1,2.4,0.35392463
1,2.4,0.34302577
1,2.4,0.38441911
1,2.4,0.31899706
1,2.4,0.30841833
1,2.4,0.32539418
1,2.4,0.35321036
1,2.4,0.28272197
1,2.4,0.34317771
1,2.5,0.36337274
1,2.5,0.43636626
1,2.5,0.32235172
1,2.5,0.31249085
1,2.5,0.34732485
1,2.5,0.25139380
1,2.5,0.29546717
1,2.5,0.23996851
1,2.5,0.33053049
1,2.5,0.28567967
1,2.5,0.30637777
1,2.5,0.27802077
1,2.5,0.40301585
1,2.5,0.25921628
1,2.5,0.39357272
1,2.5,0.27216062
1,2.5,0.26908910
1,2.5,0.24096219
1,2.5,0.42746356
1,2.5,0.28722027
1,2.5,0.25795066
1,2.5,0.31850943
1,2.5,0.30007988
1,2.5,0.31831896
1,2.5,0.25262779
1,2.5,0.32880834
1,2.5,0.31414026
1,2.5,0.31131256
1,2.5,0.28562939
1,2.5,0.33290201
1,2.5,0.29049736
1,2.5,0.30632848
1,2.5,0.29125831
1,2.5,0.29099873
1,2.5,0.27912709
1,2.5,0.28832170
1,2.5,0.32523152
1,2.5,0.19170476
1,2.5,0.37427586
1,2.5,0.34865063
1,2.5,0.36365092
1,2.5,0.27664459
1,2.5,0.33115864
1,2.5,0.31323808
1,2.5,0.36817729
1,2.5,0.29069465
1,2.5,0.27443722
1,2.5,0.39434385
1,2.5,0.31213519
1,2.5,0.22961874
1,2.5,0.23620737
1,2.5,0.22886342
1,2.5,0.29555768
1,2.5,0.34010294
1,2.5,0.31495801
1,2.5,0.29164183
1,2.5,0.34328666
1,2.5,0.22149865
1,2.5,0.33649457
1,2.5,0.32720256
1,2.5,0.28723493
1,2.5,0.26177490
1,2.5,0.36854219
1,2.5,0.30766705
1,2.5,0.30499637
1,2.5,0.24862951
1,2.5,0.23661390
1,2.5,0.35316133
1,2.5,0.35874492
1,2.6,0.26569360
1,2.6,0.28808951
1,2.6,0.26878828
1,2.6,0.31892812
1,2.6,0.28612617
1,2.6,0.30773675
1,2.6,0.31039792
1,2.6,0.31821391
1,2.6,0.27351353
1,2.6,0.22248799
1,2.6,0.29248801
1,2.6,0.27095950
1,2.6,0.26904124
1,2.6,0.29786327
1,2.6,0.33042285
1,2.6,0.34684312
1,2.6,0.39144915
1,2.6,0.45938051
1,2.6,0.23561294
1,2.6,0.45080939
1,2.6,0.36484683
1,2.6,0.38607308
1,2.6,0.28474116
1,2.6,0.45617732
1,2.6,0.28969458
1,2.6,0.25579530
1,2.6,0.29327673
1,2.6,0.30737081
1,2.6,0.27547440
1,2.6,0.30582440
1,2.6,0.26693761
1,2.6,0.28464630
1,2.6,0.30761003
1,2.6,0.34408900
1,2.6,0.35180789
1,2.6,0.38287163
1,2.6,0.26512545
1,2.6,0.31066290
1,2.6,0.28105968
1,2.6,0.26023415
1,2.6,0.27335635
1,2.6,0.28685820
1,2.6,0.24025188
1,2.6,0.30102640
1,2.6,0.30932164
1,2.6,0.31115288
1,2.6,0.20639718
1,2.6,0.34561771
1,2.6,0.29617900
1,2.6,0.30013749
1,2.6,0.26922619
1,2.6,0.39572564
1,2.6,0.34445828
1,2.6,0.33792609
1,2.6,0.36364880
1,2.6,0.34055239
1,2.6,0.19426320
1,2.6,0.27731168
1,2.6,0.27019772
1,2.6,0.19069049
1,2.6,0.27096784
1,2.6,0.32345515
1,2.6,0.38164291
1,2.6,0.26129475
1,2.6,0.30749226
1,2.6,0.26752806
1,2.6,0.22487628
1,2.6,0.27077502
1,2.7,0.30749884
1,2.7,0.37683156
1,2.7,0.46502537
1,2.7,0.37392357
1,2.7,0.34229892
1,2.7,0.26528466
1,2.7,0.36468685
1,2.7,0.32185107
1,2.7,0.33295304
1,2.7,0.27642590
1,2.7,0.25901490
1,2.7,0.27991116
1,2.7,0.50309765
1,2.7,0.31833476
1,2.7,0.25724840
1,2.7,0.23879978
1,2.7,0.26838279
1,2.7,0.26285473
1,2.7,0.34882635
1,2.7,0.26732531
1,2.7,0.27415198
1,2.7,0.30823317
1,2.7,0.25897929
1,2.7,0.35169092
1,2.7,0.30214709
1,2.7,0.35994521
1,2.7,0.33941141
1,2.7,0.38894504
1,2.7,0.28614247
1,2.7,0.35566649
1,2.7,0.27463338
1,2.7,0.33330843
1,2.7,0.24004149
1,2.7,0.36600357
1,2.7,0.20850241
1,2.7,0.28543708
1,2.7,0.42825454
1,2.7,0.28771314
1,2.7,0.26241100
1,2.7,0.35301942
1,2.7,0.29892591
1,2.7,0.32595077
1,2.7,0.25895333
1,2.7,0.39200422
1,2.7,0.25346497
1,2.7,0.24819422
1,2.7,0.33213469
1,2.7,0.27300265
1,2.7,0.28073433
1,2.7,0.30425555
1,2.7,0.35486764
1,2.7,0.21617787
1,2.7,0.25024366
1,2.7,0.31955260
1,2.7,0.31364942
1,2.7,0.37432060
1,2.7,0.43535334
1,2.7,0.31456980
1,2.7,0.29848087
1,2.7,0.23060694
1,2.7,0.24747549
1,2.7,0.37048349
1,2.7,0.23348784
1,2.7,0.26954517
1,2.7,0.25268856
1,2.7,0.27573052
1,2.7,0.26673871
1,2.7,0.23991449
1,2.7,0.28877640
1,2.8,0.36442035
1,2.8,0.37771335
1,2.8,0.33992881
1,2.8,0.31379661
1,2.8,0.22466865
1,2.8,0.33265007
1,2.8,0.33171448
1,2.8,0.28466904
1,2.8,0.43737799
1,2.8,0.24705864
1,2.8,0.39788222
1,2.8,0.28658667
1,2.8,0.23623726
1,2.8,0.25542998
1,2.8,0.22178508
1,2.8,0.31272125
1,2.8,0.29777434
1,2.8,0.36472559
1,2.8,0.36220041
1,2.8,0.26735851
1,2.8,0.29481170
1,2.8,0.22506602
1,2.8,0.39875549
1,2.8,0.28938007
1,2.8,0.34224492
1,2.8,0.30438298
1,2.8,0.35121131
1,2.8,0.23608552
1,2.8,0.37740046
1,2.8,0.27823350
1,2.8,0.20811668
1,2.8,0.23862208
1,2.8,0.33063221
1,2.8,0.30353922
1,2.8,0.38475281
1,2.8,0.34678042
1,2.8,0.30689299
1,2.8,0.25018597
1,2.8,0.35809067
1,2.8,0.25026172
1,2.8,0.42173606
1,2.8,0.25951502
1,2.8,0.34394813
1,2.8,0.22145903
1,2.8,0.25987595
1,2.8,0.22373343
1,2.8,0.30070430
1,2.8,0.33451480
1,2.8,0.36815569
1,2.8,0.24678285
1,2.8,0.22911301
1,2.8,0.29482025
1,2.8,0.37699333
1,2.8,0.32422495
1,2.8,0.29070181
1,2.8,0.41345423
1,2.8,0.27061084
1,2.8,0.36489081
1,2.8,0.33679885
1,2.8,0.25196409
1,2.8,0.35678193
1,2.8,0.32682797
1,2.8,0.36027288
1,2.8,0.31778729
1,2.8,0.28158015
1,2.8,0.47456193
1,2.8,0.25650325
1,2.8,0.32347974
1,2.8,0.29038003
1,2.9,0.28225765
1,2.9,0.23721485
1,2.9,0.21671009
1,2.9,0.31956947
1,2.9,0.22319898
1,2.9,0.33891946
1,2.9,0.31601867
1,2.9,0.35931036
1,2.9,0.22906899
1,2.9,0.34175327
1,2.9,0.23921880
1,2.9,0.35876665
1,2.9,0.23720548
1,2.9,0.30817768
1,2.9,0.31115592
1,2.9,0.48396581
1,2.9,0.27163413
1,2.9,0.32983911
1,2.9,0.27443317
1,2.9,0.27486989
1,2.9,0.32303965
1,2.9,0.34055719
1,2.9,0.42088559
1,2.9,0.35067976
1,2.9,0.19322741
1,2.9,0.28440678
1,2.9,0.22314471
1,2.9,0.26521289
1,2.9,0.30229935
1,2.9,0.25570348
1,2.9,0.28700748
1,2.9,0.28896645
1,2.9,0.23222317
1,2.9,0.17526731
1,2.9,0.31891212
1,2.9,0.26243916
1,2.9,0.33469987
1,2.9,0.33334783
1,2.9,0.39698815
1,2.9,0.34478942
1,2.9,0.23984353
1,2.9,0.29431584
1,2.9,0.28672749
1,2.9,0.30604583
1,2.9,0.26840314
1,2.9,0.28466785
1,2.9,0.30444944
1,2.9,0.24759053
1,2.9,0.19934407
1,2.9,0.37497616
1,2.9,0.30771679
1,2.9,0.30926737
1,2.9,0.24019951
1,2.9,0.38234594
1,2.9,0.35238159
1,2.9,0.36400732
1,2.9,0.31509134
1,2.9,0.31734097
1,2.9,0.35260621
1,2.9,0.32490155
1,2.9,0.28246590
1,2.9,0.40876198
1,2.9,0.36592335
1,2.9,0.25639525
1,2.9,0.26155603
1,2.9,0.27052784
1,2.9,0.26682165
1,2.9,0.27460358
1,2.9,0.32982811
1,3.0,0.24624300
1,3.0,0.28994229
1,3.0,0.30374932
1,3.0,0.24483058
1,3.0,0.23943236
1,3.0,0.27880001
1,3.0,0.21241067
1,3.0,0.27984020
1,3.0,0.32837972
1,3.0,0.26968247
1,3.0,0.27261919
1,3.0,0.23495224
1,3.0,0.40180707
1,3.0,0.28319398
1,3.0,0.36327985
1,3.0,0.34240693
1,3.0,0.29816389
1,3.0,0.26677802
1,3.0,0.26057807
1,3.0,0.32826152
1,3.0,0.25254476
1,3.0,0.20476145
1,3.0,0.31865823
1,3.0,0.22483793
1,3.0,0.26539707
1,3.0,0.27919129
1,3.0,0.26849952
1,3.0,0.23153196
1,3.0,0.30383453
1,3.0,0.25478441
1,3.0,0.24790750
1,3.0,0.31761315
1,3.0,0.33487281
1,3.0,0.19128898
1,3.0,0.30067825
1,3.0,0.27218103
1,3.0,0.30659249
1,3.0,0.23427255
1,3.0,0.27123767
1,3.0,0.23977260
1,3.0,0.26552117
1,3.0,0.47525322
1,3.0,0.25278011
1,3.0,0.34781891
1,3.0,0.31711975
1,3.0,0.36326793
1,3.0,0.32187235
1,3.0,0.31434587
1,3.0,0.31813896
1,3.0,0.24561565
1,3.0,0.32308623
1,3.0,0.30471972
1,3.0,0.32931370
1,3.0,0.27828255
1,3.0,0.41618025
1,3.0,0.34179923
1,3.0,0.29484013
1,3.0,0.24626423
1,3.0,0.30404514
1,3.0,0.43105400
1,3.0,0.26405355
1,3.0,0.30937156
1,3.0,0.30674723
1,3.0,0.23409389
1,3.0,0.26994139
1,3.0,0.23654136
1,3.0,0.23544304
1,3.0,0.27499050
1,3.0,0.33186391
1,3.1,0.34080690
1,3.1,0.25438362
1,3.1,0.37820208
1,3.1,0.23953378
1,3.1,0.22241718
1,3.1,0.20554629
1,3.1,0.36714691
1,3.1,0.24818996
1,3.1,0.45061353
1,3.1,0.27232277
1,3.1,0.33906400
1,3.1,0.32369456
1,3.1,0.26246876
1,3.1,0.24786907
1,3.1,0.31708393
1,3.1,0.21085027
1,3.1,0.23471878
1,3.1,0.30880809
1,3.1,0.24667941
1,3.1,0.31195080
1,3.1,0.27643931
1,3.1,0.37239760
1,3.1,0.31963944
1,3.1,0.31966761
1,3.1,0.31805781
1,3.1,0.23114319
1,3.1,0.29059190
1,3.1,0.31483197
1,3.1,0.30724156
1,3.1,0.41378167
1,3.1,0.35642299
1,3.1,0.29269320
1,3.1,0.32786798
1,3.1,0.20801176
1,3.1,0.37187925
1,3.1,0.23120305
1,3.1,0.38939399
1,3.1,0.31212735
1,3.1,0.26250815
1,3.1,0.24418786
1,3.1,0.26767081
1,3.1,0.31002674
1,3.1,0.26421466
1,3.1,0.24164474
1,3.1,0.24787897
1,3.1,0.36119264
1,3.1,0.26499990
1,3.1,0.18239263
1,3.1,0.21236621
1,3.1,0.28123185
1,3.1,0.33396712
1,3.1,0.33438522
1,3.1,0.27499831
1,3.1,0.30165103
1,3.1,0.29030988
1,3.1,0.27513075
1,3.1,0.28233814
1,3.1,0.34633020
1,3.1,0.24714383
1,3.1,0.29140681
1,3.1,0.31416762
1,3.1,0.35158348
1,3.1,0.27842519
1,3.1,0.24733098
1,3.1,0.34847388
1,3.1,0.24882625
1,3.1,0.30787644
1,3.1,0.28901815
1,3.2,0.24734572
1,3.2,0.22703221
1,3.2,0.29842910
1,3.2,0.29852670
1,3.2,0.25079259
1,3.2,0.27230230
1,3.2,0.21659580
1,3.2,0.25556752
1,3.2,0.31817475
1,3.2,0.33344665
1,3.2,0.14707574
1,3.2,0.24567848
1,3.2,0.27969444
1,3.2,0.25757149
1,3.2,0.35684752
1,3.2,0.29131937
1,3.2,0.42610806
1,3.2,0.31368479
1,3.2,0.30695066
1,3.2,0.27879077
1,3.2,0.33295947
1,3.2,0.19665816
1,3.2,0.32180282
1,3.2,0.32524395
1,3.2,0.30250943
1,3.2,0.27604604
1,3.2,0.20470595
1,3.2,0.33759415
1,3.2,0.26906797
1,3.2,0.28864107
1,3.2,0.25184467
1,3.2,0.21144873
1,3.2,0.24418773
1,3.2,0.32489780
1,3.2,0.30139902
1,3.2,0.32789269
1,3.2,0.25969824
1,3.2,0.20300171
1,3.2,0.25526607
1,3.2,0.35256746
1,3.2,0.22921735
1,3.2,0.21021825
1,3.2,0.21993966
1,3.2,0.27677259
1,3.2,0.33066350
1,3.2,0.28636199
1,3.2,0.36577377
1,3.2,0.41713256
1,3.2,0.28443170
1,3.2,0.33132139
1,3.2,0.25730675
1,3.2,0.20070474
1,3.2,0.28359491
1,3.2,0.22998214
1,3.2,0.28122464
1,3.2,0.28363511
1,3.2,0.29200253
1,3.2,0.37273377
1,3.2,0.25484529
1,3.2,0.20812069
1,3.2,0.29117069
1,3.2,0.34437573
1,3.2,0.35275179
1,3.2,0.15205178
1,3.2,0.28607288
1,3.2,0.29347882
1,3.2,0.32088199
1,3.2,0.27554095
1,3.2,0.21463710
1,3.3,0.21644516
1,3.3,0.25946739
1,3.3,0.30492252
1,3.3,0.30199093
1,3.3,0.35663891
1,3.3,0.25773361
1,3.3,0.20102780
1,3.3,0.23201317
1,3.3,0.44493914
1,3.3,0.30319268
1,3.3,0.45853189
1,3.3,0.34536296
1,3.3,0.33473861
1,3.3,0.36346707
1,3.3,0.25174907
1,3.3,0.26523635
1,3.3,0.28024352
1,3.3,0.30047911
1,3.3,0.30085236
1,3.3,0.28222731
1,3.3,0.19554034
1,3.3,0.31901377
1,3.3,0.29897603
1,3.3,0.35085645
1,3.3,0.35056239
1,3.3,0.37129167
1,3.3,0.27059191
1,3.3,0.35090676
1,3.3,0.26293316
1,3.3,0.25197932
1,3.3,0.26157713
1,3.3,0.27777454
1,3.3,0.31812841
1,3.3,0.31541234
1,3.3,0.24783434
1,3.3,0.35625193
1,3.3,0.38792622
1,3.3,0.25519824
1,3.3,0.23822601
1,3.3,0.28301644
1,3.3,0.26579118
1,3.3,0.27020681
1,3.3,0.40888903
1,3.3,0.29595497
1,3.3,0.22670023
1,3.3,0.27152795
1,3.3,0.29429612
1,3.3,0.20331247
1,3.3,0.38188764
1,3.3,0.32700342
1,3.3,0.25753400
1,3.3,0.26766992
1,3.3,0.26583064
1,3.3,0.27620736
1,3.3,0.30263352
1,3.3,0.26427457
1,3.3,0.32432884
1,3.3,0.33754611
1,3.3,0.23275106
1,3.3,0.27227387
1,3.3,0.24781771
1,3.3,0.33151117
1,3.3,0.38500896
1,3.3,0.24781056
1,3.3,0.32034576
1,3.3,0.26404339
1,3.3,0.24700919
1,3.3,0.33591220
1,3.3,0.35733929
1,3.4,0.39227995
1,3.4,0.22527386
1,3.4,0.34294519
1,3.4,0.33447188
1,3.4,0.28147832
1,3.4,0.26276419
1,3.4,0.30542588
1,3.4,0.33764881
1,3.4,0.28565854
1,3.4,0.31099564
1,3.4,0.30375746
1,3.4,0.21177143
1,3.4,0.21269523
1,3.4,0.23663591
1,3.4,0.27224955
1,3.4,0.28380343
1,3.4,0.22882548
1,3.4,0.32577947
1,3.4,0.29076594
1,3.4,0.32188058
1,3.4,0.37027818
1,3.4,0.36499590
1,3.4,0.28706843
1,3.4,0.28405374
1,3.4,0.23083490
1,3.4,0.27092564
1,3.4,0.27804622
1,3.4,0.33692002
1,3.4,0.33184597
1,3.4,0.34007812
1,3.4,0.30466336
1,3.4,0.26479441
1,3.4,0.26289418
1,3.4,0.27358922
1,3.4,0.23097478
1,3.4,0.23822778
1,3.4,0.32400495
1,3.4,0.29416779
1,3.4,0.35450521
1,3.4,0.30472288
1,3.4,0.23479690
1,3.4,0.22971071
1,3.4,0.23290622
1,3.4,0.27838007
1,3.4,0.25993621
1,3.4,0.32818496
1,3.4,0.29642323
1,3.4,0.27729058
1,3.4,0.23744218
1,3.4,0.26701465
1,3.4,0.18352348
1,3.4,0.48518711
1,3.4,0.22178550
1,3.4,0.23332709
1,3.4,0.36851668
1,3.4,0.25610334
1,3.4,0.29616970
1,3.4,0.29331455
1,3.4,0.32679588
1,3.4,0.27462262
1,3.4,0.40365550
1,3.4,0.31017518
1,3.4,0.28609720
1,3.4,0.29735067
1,3.4,0.32570666
1,3.4,0.34476617
1,3.4,0.27193716
1,3.4,0.31933483
1,3.4,0.35726124
1,3.5,0.27810669
1,3.5,0.26400942
1,3.5,0.25547051
1,3.5,0.28670830
1,3.5,0.28859270
1,3.5,0.27148098
1,3.5,0.27263221
1,3.5,0.37558648
1,3.5,0.28024226
1,3.5,0.27115363
1,3.5,0.21479768
1,3.5,0.26575229
1,3.5,0.19563746
1,3.5,0.28206053
1,3.5,0.23268580
1,3.5,0.24393283
1,3.5,0.24436200
1,3.5,0.29295075
1,3.5,0.22722799
1,3.5,0.24767746
1,3.5,0.24613526
1,3.5,0.25642547
1,3.5,0.33263031
1,3.5,0.29021192
1,3.5,0.33084106
1,3.5,0.31799921
1,3.5,0.33025303
1,3.5,0.22242540
1,3.5,0.28963843
1,3.5,0.36765414
1,3.5,0.25567269
1,3.5,0.28989214
1,3.5,0.28163379
1,3.5,0.28439853
1,3.5,0.31627026
1,3.5,0.25070888
1,3.5,0.21426427
1,3.5,0.29155174
1,3.5,0.35148606
1,3.5,0.20621794
1,3.5,0.25884792
1,3.5,0.32759932
1,3.5,0.37107944
1,3.5,0.26791829
1,3.5,0.25597596
1,3.5,0.28566107
1,3.5,0.36267817
1,3.5,0.15075161
1,3.5,0.21509619
1,3.5,0.24603231
1,3.5,0.32959467
1,3.5,0.36188620
1,3.5,0.19602588
1,3.5,0.30325845
1,3.5,0.29462871
1,3.5,0.33659306
1,3.5,0.26640528
1,3.5,0.28181303
1,3.5,0.24245916
1,3.5,0.24845597
1,3.5,0.28225458
1,3.5,0.32250744
1,3.5,0.28180063
1,3.5,0.24726586
1,3.5,0.35632157
1,3.5,0.39786091
1,3.5,0.29507983
1,3.5,0.38378268
1,3.5,0.24913400
1,3.6,0.28149235
1,3.6,0.30280551
1,3.6,0.26810423
1,3.6,0.32743689
1,3.6,0.29013819
1,3.6,0.28693366
1,3.6,0.30978930
1,3.6,0.30734324
1,3.6,0.30298275
1,3.6,0.31688151
1,3.6,0.24827836
1,3.6,0.28097153
1,3.6,0.31431213
1,3.6,0.24144623
1,3.6,0.34085548
1,3.6,0.32625607
1,3.6,0.29664576
1,3.6,0.25258821
1,3.6,0.32819659
1,3.6,0.31911430
1,3.6,0.29400298
1,3.6,0.26342523
1,3.6,0.27157447
1,3.6,0.31958094
1,3.6,0.16177724
1,3.6,0.25841492
1,3.6,0.21915171
1,3.6,0.35255116
1,3.6,0.25670660
1,3.6,0.31107181
1,3.6,0.21765748
1,3.6,0.26729459
1,3.6,0.24981499
1,3.6,0.34663722
1,3.6,0.30229065
1,3.6,0.32070813
1,3.6,0.34267604
1,3.6,0.31598324
1,3.6,0.20978154
1,3.6,0.46494779
1,3.6,0.37409350
1,3.6,0.41763201
1,3.6,0.36869469
1,3.6,0.35455447
1,3.6,0.27893972
1,3.6,0.35799423
1,3.6,0.20082995
1,3.6,0.24798842
1,3.6,0.43846917
1,3.6,0.34855288
1,3.6,0.38604990
1,3.6,0.25641298
1,3.6,0.18723892
1,3.6,0.23720093
1,3.6,0.26787862
1,3.6,0.30399740
1,3.6,0.32386714
1,3.6,0.27787650
1,3.6,0.27326736
1,3.6,0.21347819
1,3.6,0.33958757
1,3.6,0.28670213
1,3.6,0.28446570
1,3.6,0.25388479
1,3.6,0.30798274
1,3.6,0.31030107
1,3.6,0.30362552
1,3.6,0.29760331
1,3.7,0.27982229
1,3.7,0.25756803
1,3.7,0.31201410
1,3.7,0.27917522
1,3.7,0.33301878
1,3.7,0.27481321
1,3.7,0.30289954
1,3.7,0.27619988
1,3.7,0.30901414
1,3.7,0.29411167
1,3.7,0.30223176
1,3.7,0.23749886
1,3.7,0.28140232
1,3.7,0.26397616
1,3.7,0.18795320
1,3.7,0.27156448
1,3.7,0.30050829
1,3.7,0.28445125
1,3.7,0.19214155
1,3.7,0.35334012
1,3.7,0.27023277
1,3.7,0.30778432
1,3.7,0.30807501
1,3.7,0.25394642
1,3.7,0.31995675
1,3.7,0.35080871
1,3.7,0.40132898
1,3.7,0.32476082
1,3.7,0.26040611
1,3.7,0.18125050
1,3.7,0.31483486
1,3.7,0.32307321
1,3.7,0.31883284
1,3.7,0.28332645
1,3.7,0.30175826
1,3.7,0.21622697
1,3.7,0.35029894
1,3.7,0.29496226
1,3.7,0.26667535
1,3.7,0.23790534
1,3.7,0.33312747
1,3.7,0.20045771
1,3.7,0.34151518
1,3.7,0.25052840
1,3.7,0.23821887
1,3.7,0.31878605
1,3.7,0.32094976
1,3.7,0.36931670
1,3.7,0.24347891
1,3.7,0.34174991
1,3.7,0.23365793
1,3.7,0.31240928
1,3.7,0.24245688
1,3.7,0.25345293
1,3.7,0.19997142
1,3.7,0.26430923
1,3.7,0.23086731
1,3.7,0.31509191
1,3.7,0.30492067
1,3.7,0.28437981
1,3.7,0.29387736
1,3.7,0.32489833
1,3.7,0.28578252
1,3.7,0.29655871
1,3.7,0.27070668
1,3.7,0.25654969
1,3.7,0.30507356
1,3.7,0.21296719
1,3.7,0.18153515
1,3.8,0.23627186
1,3.8,0.21988441
1,3.8,0.18543477
1,3.8,0.31667584
1,3.8,0.26665872
1,3.8,0.35441241
1,3.8,0.34114042
1,3.8,0.31208667
1,3.8,0.24738608
1,3.8,0.25532138
1,3.8,0.28374797
1,3.8,0.20386352
1,3.8,0.29564896
1,3.8,0.29412064
1,3.8,0.29584676
1,3.8,0.30885386
1,3.8,0.27300948
1,3.8,0.27140173
1,3.8,0.25419649
1,3.8,0.25401503
1,3.8,0.30673459
1,3.8,0.26038924
1,3.8,0.30829948
1,3.8,0.30607462
1,3.8,0.29953635
1,3.8,0.36374801
1,3.8,0.30099329
1,3.8,0.27721345
1,3.8,0.29610732
1,3.8,0.26863283
1,3.8,0.30705667
1,3.8,0.21024580
1,3.8,0.26574060
1,3.8,0.26555276
1,3.8,0.22327884
1,3.8,0.27406475
1,3.8,0.27923015
1,3.8,0.27985469
1,3.8,0.17026789
1,3.8,0.37754640
1,3.8,0.27674210
1,3.8,0.24962389
1,3.8,0.17489658
1,3.8,0.23024161
1,3.8,0.26486513
1,3.8,0.27877945
1,3.8,0.27205440
1,3.8,0.25032085
1,3.8,0.19937782
1,3.8,0.29174531
1,3.8,0.24570318
1,3.8,0.29125097
1,3.8,0.37696546
1,3.8,0.31324062
1,3.8,0.30997264
1,3.8,0.23465452
1,3.8,0.23500167
1,3.8,0.16171682
1,3.8,0.13641617
1,3.8,0.18698102
1,3.8,0.27974904
1,3.8,0.35621697
1,3.8,0.23786633
1,3.8,0.29681826
1,3.8,0.19082576
1,3.8,0.30480343
1,3.8,0.30687389
1,3.8,0.21753025
1,3.8,0.16799401
1,3.9,0.34340119
1,3.9,0.32179770
1,3.9,0.23588470
1,3.9,0.22306427
1,3.9,0.27567208
1,3.9,0.16617644
1,3.9,0.34749803
1,3.9,0.15585841
1,3.9,0.33295885
1,3.9,0.24640687
1,3.9,0.34970844
1,3.9,0.24453819
1,3.9,0.24522658
1,3.9,0.25796723
1,3.9,0.23730403
1,3.9,0.22282735
1,3.9,0.38001093
1,3.9,0.20392740
1,3.9,0.23283257
1,3.9,0.24018767
1,3.9,0.35622853
1,3.9,0.34254882
1,3.9,0.23314555
1,3.9,0.32632345
1,3.9,0.32444003
1,3.9,0.28051278
1,3.9,0.32245094
1,3.9,0.23467380
1,3.9,0.29254544
1,3.9,0.25997400
1,3.9,0.25424796
1,3.9,0.30465969
1,3.9,0.19886005
1,3.9,0.19045748
1,3.9,0.30681649
1,3.9,0.22385468
1,3.9,0.33582231
1,3.9,0.24873246
1,3.9,0.23186578
1,3.9,0.20481400
1,3.9,0.27574354
1,3.9,0.31276101
1,3.9,0.29573005
1,3.9,0.27206534
1,3.9,0.32908317
1,3.9,0.23152389
1,3.9,0.21577044
1,3.9,0.23014835
1,3.9,0.31959456
1,3.9,0.31423262
1,3.9,0.38024074
1,3.9,0.24448863
1,3.9,0.24453896
1,3.9,0.32788497
1,3.9,0.27049261
1,3.9,0.31405833
1,3.9,0.26666212
1,3.9,0.38284379
1,3.9,0.24941373
1,3.9,0.28465670
1,3.9,0.25624761
1,3.9,0.23374999
1,3.9,0.25947669
1,3.9,0.24983831
1,3.9,0.28421062
1,3.9,0.24239701
1,3.9,0.33994827
1,3.9,0.38039368
1,3.9,0.18864620
1,4.0,0.27214921
1,4.0,0.23874122
1,4.0,0.39229923
1,4.0,0.28426635
1,4.0,0.21311115
1,4.0,0.25477993
1,4.0,0.26217410
1,4.0,0.23707978
1,4.0,0.18739060
1,4.0,0.21154796
1,4.0,0.21736461
1,4.0,0.22728388
1,4.0,0.36125246
1,4.0,0.23821945
1,4.0,0.31768128
1,4.0,0.25861484
1,4.0,0.32850078
1,4.0,0.18700965
1,4.0,0.28572777
1,4.0,0.36975145
1,4.0,0.27561697
1,4.0,0.33194649
1,4.0,0.28100601
1,4.0,0.27369317
1,4.0,0.28659666
1,4.0,0.31062314
1,4.0,0.33667558
1,4.0,0.34531623
1,4.0,0.23849905
1,4.0,0.24780117
1,4.0,0.28143996
1,4.0,0.21036933
1,4.0,0.22553875
1,4.0,0.20796257
1,4.0,0.23772319
1,4.0,0.22032604
1,4.0,0.27211043
1,4.0,0.29690516
1,4.0,0.30191061
1,4.0,0.32398379
1,4.0,0.52238595
1,4.0,0.28918087
1,4.0,0.29821059
1,4.0,0.24827993
1,4.0,0.35939765
1,4.0,0.25156343
1,4.0,0.25807413
1,4.0,0.38974491
1,4.0,0.33147874
1,4.0,0.39612758
1,4.0,0.44270220
1,4.0,0.42882943
1,4.0,0.36681986
1,4.0,0.32679740
1,4.0,0.32824025
1,4.0,0.27656659
1,4.0,0.24193616
1,4.0,0.37956011
1,4.0,0.26409549
1,4.0,0.37596354
1,4.0,0.31832942
1,4.0,0.29177231
1,4.0,0.39769569
1,4.0,0.34192386
1,4.0,0.27432281
1,4.0,0.27805829
1,4.0,0.21086641
1,4.0,0.30907208
1,4.1,0.32930925
1,4.1,0.27395177
1,4.1,0.34303045
1,4.1,0.30585137
1,4.1,0.20840064
1,4.1,0.24743298
1,4.1,0.32456553
1,4.1,0.32307658
1,4.1,0.29601949
1,4.1,0.18507349
1,4.1,0.26821461
1,4.1,0.24952781
1,4.1,0.27897662
1,4.1,0.18629661
1,4.1,0.27685824
1,4.1,0.25964427
1,4.1,0.27319294
1,4.1,0.29266635
1,4.1,0.23987398
1,4.1,0.21739225
1,4.1,0.22731765
1,4.1,0.32822365
1,4.1,0.39098236
1,4.1,0.30086127
1,4.1,0.22793479
1,4.1,0.33600190
1,4.1,0.27196798
1,4.1,0.30670759
1,4.1,0.20511591
1,4.1,0.32985380
1,4.1,0.23568168
1,4.1,0.24515952
1,4.1,0.25258487
1,4.1,0.38259101
1,4.1,0.29581374
1,4.1,0.26015875
1,4.1,0.28481022
1,4.1,0.24015409
1,4.1,0.26684734
1,4.1,0.24038349
1,4.1,0.32732850
1,4.1,0.27971289
1,4.1,0.35728911
1,4.1,0.27776515
1,4.1,0.26666859
1,4.1,0.26964143
1,4.1,0.23905887
1,4.1,0.31178361
1,4.1,0.27750164
1,4.1,0.36267620
1,4.1,0.25385731
1,4.1,0.29316401
1,4.1,0.15628222
1,4.1,0.33020222
1,4.1,0.20935351
1,4.1,0.23726864
1,4.1,0.21342893
1,4.1,0.26234472
1,4.1,0.39639306
1,4.1,0.27992046
1,4.1,0.32236895
1,4.1,0.23013416
1,4.1,0.28119147
1,4.1,0.27243328
1,4.1,0.22601227
1,4.1,0.29268900
1,4.1,0.21216710
1,4.1,0.21627758
1,4.1,0.28523439
1,4.2,0.22742373
1,4.2,0.20802063
1,4.2,0.35105011
1,4.2,0.19665611
1,4.2,0.28559756
1,4.2,0.32012647
1,4.2,0.21262182
1,4.2,0.21608198
1,4.2,0.19717562
1,4.2,0.24558045
1,4.2,0.23204707
1,4.2,0.30504096
1,4.2,0.28607705
1,4.2,0.21382758
1,4.2,0.40937018
1,4.2,0.21630614
1,4.2,0.29534805
1,4.2,0.24767989
1,4.2,0.40737927
1,4.2,0.24512592
1,4.2,0.31500095
1,4.2,0.35444909
1,4.2,0.28592822
1,4.2,0.28396663
1,4.2,0.21509068
1,4.2,0.30397117
1,4.2,0.21433362
1,4.2,0.31741828
1,4.2,0.17404523
1,4.2,0.26757002
1,4.2,0.41686738
1,4.2,0.39915726
1,4.2,0.26442876
1,4.2,0.31707537
1,4.2,0.29545155
1,4.2,0.34847918
1,4.2,0.28213322
1,4.2,0.28855321
1,4.2,0.24454664
1,4.2,0.26002750
1,4.2,0.29974630
1,4.2,0.21492577
1,4.2,0.23403998
1,4.2,0.20286670
1,4.2,0.20182833
1,4.2,0.21624842
1,4.2,0.25895083
1,4.2,0.22065383
1,4.2,0.30132172
1,4.2,0.20605044
1,4.2,0.30608317
1,4.2,0.33431131
1,4.2,0.37491301
1,4.2,0.34328437
1,4.2,0.35411274
1,4.2,0.24212494
1,4.2,0.24205932
1,4.2,0.29969621
1,4.2,0.28662899
1,4.2,0.17962243
1,4.2,0.22888638
1,4.2,0.31451523
1,4.2,0.24402986
1,4.2,0.24929449
1,4.2,0.25442949
1,4.2,0.34442550
1,4.2,0.27331617
1,4.2,0.30352134
1,4.2,0.27504268
1,4.3,0.16609214
1,4.3,0.30684042
1,4.3,0.17805357
1,4.3,0.19976039
1,4.3,0.31894034
1,4.3,0.20469907
1,4.3,0.25218859
1,4.3,0.35264432
1,4.3,0.24638848
1,4.3,0.24859287
1,4.3,0.35604000
1,4.3,0.44986093
1,4.3,0.20997417
1,4.3,0.31386814
1,4.3,0.29412791
1,4.3,0.30475649
1,4.3,0.16395791
1,4.3,0.24813226
1,4.3,0.26004109
1,4.3,0.29212335
1,4.3,0.20427296
1,4.3,0.25882909
1,4.3,0.39584368
1,4.3,0.26477936
1,4.3,0.25828770
1,4.3,0.13099498
1,4.3,0.19176553
1,4.3,0.23096572
1,4.3,0.16913189
1,4.3,0.28468221
1,4.3,0.31363255
1,4.3,0.31081223
1,4.3,0.25316736
1,4.3,0.20497803
1,4.3,0.24005124
1,4.3,0.22470015
1,4.3,0.26658973
1,4.3,0.28047502
1,4.3,0.30554760
1,4.3,0.35850126
1,4.3,0.26516882
1,4.3,0.27144450
1,4.3,0.26687995
1,4.3,0.25777757
1,4.3,0.37691253
1,4.3,0.23694110
1,4.3,0.38905141
1,4.3,0.18624610
1,4.3,0.41739151
1,4.3,0.20915644
1,4.3,0.23042773
1,4.3,0.29733983
1,4.3,0.36950162
1,4.3,0.18761821
1,4.3,0.22197637
1,4.3,0.24684651
1,4.3,0.20396978
1,4.3,0.19400038
1,4.3,0.30131501
1,4.3,0.20871265
1,4.3,0.26632762
1,4.3,0.35940140
1,4.3,0.23263289
1,4.3,0.32687560
1,4.3,0.24103966
1,4.3,0.37988907
1,4.3,0.22197479
1,4.3,0.20442276
1,4.3,0.24409986
1,4.4,0.26034123
1,4.4,0.26083958
1,4.4,0.28251126
1,4.4,0.24438781
1,4.4,0.25266400
1,4.4,0.32050180
1,4.4,0.22739266
1,4.4,0.26765877
1,4.4,0.24206269
1,4.4,0.21862458
1,4.4,0.29705366
1,4.4,0.28034830
1,4.4,0.27685896
1,4.4,0.20769812
1,4.4,0.28951919
1,4.4,0.26672542
1,4.4,0.23560806
1,4.4,0.35518706
1,4.4,0.28510246
1,4.4,0.14531867
1,4.4,0.28548542
1,4.4,0.28041849
1,4.4,0.25351995
1,4.4,0.24926375
1,4.4,0.35566393
1,4.4,0.21513064
1,4.4,0.20579851
1,4.4,0.21507858
1,4.4,0.25665092
1,4.4,0.26699352
1,4.4,0.35001364
1,4.4,0.20394845
1,4.4,0.22830504
1,4.4,0.18535101
1,4.4,0.24125345
1,4.4,0.26683262
1,4.4,0.32621020
1,4.4,0.18833381
1,4.4,0.23809887
1,4.4,0.25545117
1,4.4,0.24993101
1,4.4,0.26149437
1,4.4,0.31450263
1,4.4,0.37355050
1,4.4,0.29928768
1,4.4,0.29800254
1,4.4,0.23170087
1,4.4,0.24581960
1,4.4,0.21931390
1,4.4,0.30081058
1,4.4,0.37058252
1,4.4,0.29697493
1,4.4,0.22821513
1,4.4,0.32917738
1,4.4,0.30325687
1,4.4,0.34305754
1,4.4,0.27282718
1,4.4,0.28832251
1,4.4,0.27382228
1,4.4,0.31047606
1,4.4,0.33291635
1,4.4,0.32445151
1,4.4,0.17644298
1,4.4,0.30856079
1,4.4,0.27451026
1,4.4,0.28357244
1,4.4,0.25995082
1,4.4,0.26042148
1,4.4,0.24077874
1,4.5,0.29451776
1,4.5,0.20535465
1,4.5,0.21299961
1,4.5,0.24266733
1,4.5,0.32608932
1,4.5,0.27235401
1,4.5,0.20637950
1,4.5,0.19592795
1,4.5,0.32850629
1,4.5,0.20413430
1,4.5,0.32704294
1,4.5,0.33032176
1,4.5,0.25572616
1,4.5,0.20907621
1,4.5,0.30236208
1,4.5,0.20109689
1,4.5,0.23954818
1,4.5,0.24458359
1,4.5,0.25858474
1,4.5,0.25032544
1,4.5,0.25022942
1,4.5,0.19568042
1,4.5,0.26769775
1,4.5,0.22212112
1,4.5,0.16348261
1,4.5,0.17128275
1,4.5,0.28790537
1,4.5,0.19660282
1,4.5,0.31858593
1,4.5,0.26130483
1,4.5,0.17205143
1,4.5,0.25620109
1,4.5,0.22983181
1,4.5,0.28058398
1,4.5,0.29356155
1,4.5,0.27646437
1,4.5,0.24862820
1,4.5,0.25991115
1,4.5,0.30447632
1,4.5,0.23106563
1,4.5,0.27929971
1,4.5,0.32935581
1,4.5,0.27056628
1,4.5,0.23509869
1,4.5,0.24602509
1,4.5,0.30799696
1,4.5,0.28159615
1,4.5,0.37032670
1,4.5,0.11477042
1,4.5,0.23926488
1,4.5,0.26152334
1,4.5,0.29159474
1,4.5,0.23645099
1,4.5,0.28539440
1,4.5,0.24228978
1,4.5,0.23087548
1,4.5,0.22417121
1,4.5,0.35885182
1,4.5,0.44621634
1,4.5,0.29302329
1,4.5,0.33548304
1,4.5,0.34071270
1,4.5,0.18857487
1,4.5,0.26267523
1,4.5,0.35887486
1,4.5,0.23823485
1,4.5,0.21693273
1,4.5,0.28244793
1,4.6,0.28745306
1,4.6,0.22536692
1,4.6,0.32122663
1,4.6,0.26795131
1,4.6,0.24663262
1,4.6,0.21376187
1,4.6,0.21762916
1,4.6,0.32534766
1,4.6,0.24196956
1,4.6,0.31840476
1,4.6,0.20236926
1,4.6,0.22681569
1,4.6,0.21358939
1,4.6,0.28004891
1,4.6,0.22742367
1,4.6,0.25135052
1,4.6,0.28115425
1,4.6,0.29652116
1,4.6,0.26844412
1,4.6,0.23883329
1,4.6,0.26762432
1,4.6,0.30872634
1,4.6,0.29772079
1,4.6,0.24807562
1,4.6,0.28138718
1,4.6,0.28197500
1,4.6,0.27251491
1,4.6,0.27674779
1,4.6,0.20344394
1,4.6,0.28426149
1,4.6,0.23405893
1,4.6,0.22592437
1,4.6,0.18503623
1,4.6,0.22320688
1,4.6,0.20580837
1,4.6,0.16214660
1,4.6,0.24536787
1,4.6,0.22992365
1,4.6,0.26637021
1,4.6,0.20875973
1,4.6,0.28323150
1,4.6,0.28076398
1,4.6,0.21142417
1,4.6,0.24228565
1,4.6,0.33727333
1,4.6,0.18035780
1,4.6,0.21217482
1,4.6,0.29089981
1,4.6,0.30110401
1,4.6,0.26651174
1,4.6,0.25949231
1,4.6,0.27811426
1,4.6,0.23531067
1,4.6,0.25688246
1,4.6,0.33493739
1,4.6,0.27881849
1,4.6,0.22744168
1,4.6,0.27184466
1,4.6,0.29449698
1,4.6,0.24393149
1,4.6,0.26728240
1,4.6,0.23350835
1,4.6,0.30763519
1,4.6,0.38814455
1,4.6,0.26721522
1,4.6,0.35888603
1,4.6,0.29774472
1,4.6,0.31339577
1,4.6,0.31685778
1,4.7,0.36125690
1,4.7,0.25883299
1,4.7,0.36461318
1,4.7,0.21391678
1,4.7,0.23591372
1,4.7,0.20857204
1,4.7,0.19179465
1,4.7,0.27496874
1,4.7,0.22615850
1,4.7,0.24267532
1,4.7,0.32013485
1,4.7,0.16758648
1,4.7,0.35052535
1,4.7,0.29851750
1,4.7,0.25482008
1,4.7,0.30590978
1,4.7,0.28705150
1,4.7,0.36735505
1,4.7,0.20271759
1,4.7,0.26219454
1,4.7,0.24838872
1,4.7,0.23671077
1,4.7,0.27974498
1,4.7,0.29735225
1,4.7,0.23652557
1,4.7,0.25163677
1,4.7,0.25777015
1,4.7,0.29122686
1,4.7,0.26805174
1,4.7,0.20096049
1,4.7,0.27981144
1,4.7,0.24975689
1,4.7,0.29916048
1,4.7,0.19204548
1,4.7,0.26654327
1,4.7,0.23824179
1,4.7,0.16383392
1,4.7,0.26565239
1,4.7,0.25866705
1,4.7,0.21176882
1,4.7,0.23049740
1,4.7,0.19902988
1,4.7,0.26525885
1,4.7,0.29169309
1,4.7,0.23725641
1,4.7,0.25176030
1,4.7,0.24761294
1,4.7,0.35480878
1,4.7,0.28232491
1,4.7,0.26533684
1,4.7,0.22163500
1,4.7,0.37942687
1,4.7,0.15779622
1,4.7,0.28242269
1,4.7,0.26845810
1,4.7,0.18265922
1,4.7,0.13370675
1,4.7,0.33911681
1,4.7,0.35277164
1,4.7,0.25134674
1,4.7,0.27178103
1,4.7,0.29821035
1,4.7,0.27724960
1,4.7,0.25798759
1,4.7,0.33868596
1,4.7,0.29404077
1,4.7,0.27681759
1,4.7,0.28878719
1,4.7,0.27562118
1,4.8,0.22861186
1,4.8,0.23137090
1,4.8,0.26494908
1,4.8,0.22334684
1,4.8,0.16003464
1,4.8,0.30127698
1,4.8,0.26593661
1,4.8,0.13820386
1,4.8,0.20932151
1,4.8,0.15560761
1,4.8,0.29644755
1,4.8,0.27432612
1,4.8,0.34372988
1,4.8,0.36281282
1,4.8,0.32847869
1,4.8,0.33613935
1,4.8,0.23369005
1,4.8,0.24174935
1,4.8,0.28692362
1,4.8,0.21123612
1,4.8,0.20187007
1,4.8,0.22834405
1,4.8,0.20101881
1,4.8,0.24191187
1,4.8,0.20419432
1,4.8,0.28896847
1,4.8,0.29282305
1,4.8,0.28020996
1,4.8,0.22819795
1,4.8,0.31284773
1,4.8,0.32811791
1,4.8,0.33147082
1,4.8,0.23008685
1,4.8,0.18498780
1,4.8,0.28296769
1,4.8,0.25009736
1,4.8,0.27737263
1,4.8,0.23752338
1,4.8,0.37711424
1,4.8,0.19915541
1,4.8,0.24362007
1,4.8,0.30481890
1,4.8,0.18595174
1,4.8,0.29190186
1,4.8,0.18018216
1,4.8,0.22104998
1,4.8,0.23657887
1,4.8,0.25944313
1,4.8,0.31958026
1,4.8,0.24307914
1,4.8,0.36733425
1,4.8,0.30889243
1,4.8,0.19173463
1,4.8,0.18989152
1,4.8,0.23459388
1,4.8,0.24611467
1,4.8,0.26481521
1,4.8,0.25488335
1,4.8,0.33978945
1,4.8,0.36458743
1,4.8,0.36435121
1,4.8,0.25801516
1,4.8,0.25185031
1,4.8,0.25274643
1,4.8,0.21904756
1,4.8,0.23774716
1,4.8,0.23765372
1,4.8,0.26832134
1,4.8,0.23352067
1,4.9,0.18440972
1,4.9,0.27663881
1,4.9,0.25273830
1,4.9,0.24995317
1,4.9,0.24722566
1,4.9,0.18181545
1,4.9,0.44698703
1,4.9,0.34626490
1,4.9,0.40086320
1,4.9,0.25348490
1,4.9,0.28256622
1,4.9,0.20434435
1,4.9,0.35219970
1,4.9,0.21527880
1,4.9,0.24787310
1,4.9,0.27064064
1,4.9,0.31783825
1,4.9,0.26480010
1,4.9,0.26337001
1,4.9,0.32602456
1,4.9,0.24340385
1,4.9,0.22715038
1,4.9,0.22579572
1,4.9,0.28170127
1,4.9,0.22006609
1,4.9,0.23630828
1,4.9,0.25588498
1,4.9,0.25115535
1,4.9,0.25252026
1,4.9,0.20642281
1,4.9,0.31931335
1,4.9,0.18741801
1,4.9,0.22726236
1,4.9,0.23206902
1,4.9,0.20404951
1,4.9,0.21699491
1,4.9,0.20120701
1,4.9,0.27130109
1,4.9,0.26059583
1,4.9,0.28612357
1,4.9,0.19881386
1,4.9,0.26358789
1,4.9,0.25726834
1,4.9,0.25021547
1,4.9,0.22993614
1,4.9,0.19155535
1,4.9,0.22544681
1,4.9,0.19134963
1,4.9,0.27776107
1,4.9,0.24861731
1,4.9,0.19190097
1,4.9,0.22062033
1,4.9,0.24644281
1,4.9,0.28209692
1,4.9,0.21064705
1,4.9,0.31962240
1,4.9,0.21906529
1,4.9,0.29559836
1,4.9,0.31129786
1,4.9,0.29850179
1,4.9,0.26242825
1,4.9,0.18418868
1,4.9,0.28207493
1,4.9,0.27374285
1,4.9,0.23929669
1,4.9,0.28848183
1,4.9,0.17339087
1,4.9,0.30676913
1,4.9,0.17262775
1,5.0,0.26641858
1,5.0,0.18611757
1,5.0,0.14093031
1,5.0,0.25316346
1,5.0,0.27367204
1,5.0,0.24819601
1,5.0,0.27901027
1,5.0,0.25687844
1,5.0,0.20363028
1,5.0,0.27896026
1,5.0,0.22089168
1,5.0,0.20587559
1,5.0,0.36297387
1,5.0,0.28807473
1,5.0,0.23617932
1,5.0,0.17890544
1,5.0,0.27776691
1,5.0,0.27906862
1,5.0,0.30908751
1,5.0,0.29621068
1,5.0,0.22866364
1,5.0,0.29374740
1,5.0,0.24913608
1,5.0,0.29655200
1,5.0,0.20758502
1,5.0,0.20445913
1,5.0,0.28857231
1,5.0,0.20388874
1,5.0,0.21602997
1,5.0,0.27823570
1,5.0,0.27181122
1,5.0,0.23648092
1,5.0,0.32227519
1,5.0,0.18461277
1,5.0,0.22095622
1,5.0,0.35566655
1,5.0,0.34342360
1,5.0,0.35429707
1,5.0,0.33040309
1,5.0,0.26692605
1,5.0,0.28189069
1,5.0,0.30700204
1,5.0,0.23865303
1,5.0,0.18955249
1,5.0,0.33031702
1,5.0,0.32323450
1,5.0,0.31731868
1,5.0,0.24797413
1,5.0,0.35165140
1,5.0,0.31739527
1,5.0,0.31148964
1,5.0,0.33888474
1,5.0,0.24642201
1,5.0,0.26752368
1,5.0,0.32242611
1,5.0,0.41623160
1,5.0,0.22747643
1,5.0,0.31783363
1,5.0,0.27457044
1,5.0,0.25531292
1,5.0,0.17236352
1,5.0,0.24748877
1,5.0,0.23349763
1,5.0,0.27344614
1,5.0,0.27667075
1,5.0,0.30823597
1,5.0,0.23909380
1,5.0,0.22556460
1,5.1,0.25471136
1,5.1,0.22410317
1,5.1,0.39007282
1,5.1,0.17963238
1,5.1,0.25335804
1,5.1,0.20322484
1,5.1,0.31438738
1,5.1,0.25499147
1,5.1,0.33687279
1,5.1,0.22463405
1,5.1,0.25901577
1,5.1,0.25931424
1,5.1,0.18602228
1,5.1,0.24187186
1,5.1,0.19222666
1,5.1,0.27434769
1,5.1,0.18938400
1,5.1,0.25182283
1,5.1,0.35916591
1,5.1,0.36598569
1,5.1,0.31995708
1,5.1,0.29435378
1,5.1,0.34335133
1,5.1,0.20861606
1,5.1,0.28126618
1,5.1,0.23344184
1,5.1,0.26820809
1,5.1,0.29119363
1,5.1,0.29789698
1,5.1,0.31738245
1,5.1,0.22754771
1,5.1,0.25698611
1,5.1,0.34798670
1,5.1,0.20214018
1,5.1,0.34087330
1,5.1,0.29323310
1,5.1,0.27696553
1,5.1,0.25279155
1,5.1,0.22406946
1,5.1,0.22670369
1,5.1,0.28649503
1,5.1,0.25982475
1,5.1,0.22617154
1,5.1,0.28150901
1,5.1,0.20936243
1,5.1,0.20043628
1,5.1,0.23827884
1,5.1,0.23119710
1,5.1,0.24933188
1,5.1,0.29240730
1,5.1,0.16934323
1,5.1,0.29733920
1,5.1,0.36465263
1,5.1,0.30966449
1,5.1,0.20857771
1,5.1,0.32465887
1,5.1,0.30287099
1,5.1,0.26720104
1,5.1,0.26829356
1,5.1,0.21917586
1,5.1,0.28242451
1,5.1,0.26547834
1,5.1,0.18460514
1,5.1,0.34472710
1,5.1,0.19209789
1,5.1,0.28305572
1,5.1,0.21654937
1,5.1,0.29193616
1,5.1,0.22755545
1,5.2,0.25733498
1,5.2,0.28224769
1,5.2,0.24223600
1,5.2,0.29056185
1,5.2,0.25650582
1,5.2,0.26787987
1,5.2,0.26042598
1,5.2,0.17228456
1,5.2,0.34007040
1,5.2,0.27824786
1,5.2,0.17740571
1,5.2,0.21802780
1,5.2,0.25463843
1,5.2,0.23416705
1,5.2,0.33487934
1,5.2,0.26194984
1,5.2,0.20431669
1,5.2,0.24620992
1,5.2,0.31085485
1,5.2,0.19769812
1,5.2,0.32510811
1,5.2,0.20504314
1,5.2,0.17889406
1,5.2,0.34218144
1,5.2,0.17527679
1,5.2,0.20932223
1,5.2,0.28132227
1,5.2,0.20569196
1,5.2,0.29375818
1,5.2,0.25669515
1,5.2,0.29363608
1,5.2,0.19026643
1,5.2,0.22997241
1,5.2,0.19160655
1,5.2,0.27628124
1,5.2,0.22934014
1,5.2,0.21382006
1,5.2,0.22561486
1,5.2,0.25213775
1,5.2,0.24232313
1,5.2,0.25404337
1,5.2,0.27174875
1,5.2,0.19943146
1,5.2,0.26804367
1,5.2,0.26135647
1,5.2,0.28792769
1,5.2,0.27349365
1,5.2,0.23250061
1,5.2,0.20371567
1,5.2,0.16839138
1,5.2,0.26783910
1,5.2,0.32808131
1,5.2,0.32632154
1,5.2,0.27720413
1,5.2,0.46239617
1,5.2,0.23553637
1,5.2,0.28639331
1,5.2,0.19866410
1,5.2,0.30554315
1,5.2,0.29157630
1,5.2,0.32370785
1,5.2,0.37231767
1,5.2,0.29777214
1,5.2,0.31309459
1,5.2,0.25376955
1,5.2,0.23956195
1,5.2,0.23907232
1,5.2,0.26504061
1,5.2,0.26992956
1,5.3,0.17965080
1,5.3,0.22698784
1,5.3,0.23235242
1,5.3,0.33518258
1,5.3,0.29346335
1,5.3,0.24885529
1,5.3,0.37367070
1,5.3,0.23706499
1,5.3,0.21911745
1,5.3,0.24886134
1,5.3,0.23402146
1,5.3,0.19604334
1,5.3,0.30053383
1,5.3,0.24630465
1,5.3,0.19835596
1,5.3,0.33635399
1,5.3,0.27062029
1,5.3,0.19075967
1,5.3,0.22643346
1,5.3,0.30807349
1,5.3,0.22768912
1,5.3,0.20249085
1,5.3,0.31807056
1,5.3,0.23828086
1,5.3,0.22359198
1,5.3,0.17953697
1,5.3,0.21517608
1,5.3,0.24179925
1,5.3,0.31185716
1,5.3,0.29155907
1,5.3,0.21076863
1,5.3,0.14587818
1,5.3,0.28103137
1,5.3,0.18386836
1,5.3,0.20366907
1,5.3,0.24881618
1,5.3,0.26698038
1,5.3,0.24172932
1,5.3,0.25885826
1,5.3,0.23948100
1,5.3,0.29994389
1,5.3,0.19798401
1,5.3,0.26610017
1,5.3,0.20185818
1,5.3,0.22900614
1,5.3,0.23666058
1,5.3,0.21432537
1,5.3,0.27921751
1,5.3,0.27165473
1,5.3,0.32246232
1,5.3,0.22591843
1,5.3,0.28810731
1,5.3,0.31744540
1,5.3,0.26445562
1,5.3,0.24913256
1,5.3,0.39176074
1,5.3,0.28988081
1,5.3,0.27346867
1,5.3,0.28520513
1,5.3,0.27082771
1,5.3,0.18509091
1,5.3,0.19563992
1,5.3,0.20110625
1,5.3,0.34159464
1,5.3,0.24525172
1,5.3,0.28217459
1,5.3,0.27471688
1,5.3,0.32259881
1,5.3,0.26639247
1,5.4,0.28140178
1,5.4,0.21800852
1,5.4,0.21682803
1,5.4,0.21895438
1,5.4,0.27051702
1,5.4,0.22321226
1,5.4,0.20797573
1,5.4,0.32125148
1,5.4,0.26901385
1,5.4,0.20444325
1,5.4,0.30283675
1,5.4,0.18171130
1,5.4,0.21720950
1,5.4,0.17079589
1,5.4,0.27362871
1,5.4,0.31908005
1,5.4,0.24810798
1,5.4,0.22023851
1,5.4,0.19732612
1,5.4,0.15949364
1,5.4,0.25752208
1,5.4,0.23759016
1,5.4,0.24671054
1,5.4,0.25624141
1,5.4,0.29456019
1,5.4,0.27537090
1,5.4,0.23010401
1,5.4,0.23415311
1,5.4,0.25044939
1,5.4,0.23098572
1,5.4,0.37320182
1,5.4,0.22326447
1,5.4,0.20162517
1,5.4,0.30316934
1,5.4,0.25154328
1,5.4,0.27423424
1,5.4,0.29632008
1,5.4,0.34194988
1,5.4,0.30391687
1,5.4,0.17036586
1,5.4,0.18954462
1,5.4,0.24113232
1,5.4,0.26662338
1,5.4,0.21523036
1,5.4,0.17300865
1,5.4,0.33027926
1,5.4,0.19562936
1,5.4,0.30425096
1,5.4,0.26287794
1,5.4,0.17043340
1,5.4,0.26353091
1,5.4,0.19374105
1,5.4,0.34538078
1,5.4,0.18851016
1,5.4,0.26735160
1,5.4,0.16384992
1,5.4,0.29527676
1,5.4,0.19196568
1,5.4,0.24760716
1,5.4,0.19075000
1,5.4,0.29428139
1,5.4,0.24281102
1,5.4,0.22934921
1,5.4,0.18941851
1,5.4,0.25508377
1,5.4,0.18417460
1,5.4,0.18800843
1,5.4,0.24626771
1,5.4,0.16169497
1,5.5,0.21238035
1,5.5,0.21440624
1,5.5,0.26618692
1,5.5,0.20392433
1,5.5,0.27883607
1,5.5,0.20629057
1,5.5,0.27589074
1,5.5,0.24131250
1,5.5,0.23905562
1,5.5,0.21086916
1,5.5,0.22190507
1,5.5,0.27603677
1,5.5,0.16538614
1,5.5,0.26266706
1,5.5,0.17373316
1,5.5,0.29259554
1,5.5,0.40597031
1,5.5,0.29995573
1,5.5,0.25854105
1,5.5,0.20646025
1,5.5,0.21753885
1,5.5,0.27491099
1,5.5,0.24273422
1,5.5,0.20348462
1,5.5,0.30880654
1,5.5,0.19106224
1,5.5,0.22206762
1,5.5,0.29534069
1,5.5,0.28611797
1,5.5,0.30477440
1,5.5,0.26628125
1,5.5,0.28756845
1,5.5,0.20708537
1,5.5,0.32432219
1,5.5,0.32449228
1,5.5,0.33313563
1,5.5,0.21415596
1,5.5,0.29484034
1,5.5,0.33531046
1,5.5,0.22142018
1,5.5,0.25405455
1,5.5,0.26689276
1,5.5,0.27348500
1,5.5,0.25445563
1,5.5,0.29920721
1,5.5,0.24978134
1,5.5,0.22265966
1,5.5,0.19206923
1,5.5,0.25828773
1,5.5,0.13618539
1,5.5,0.22336140
1,5.5,0.19401547
1,5.5,0.24710393
1,5.5,0.21446806
1,5.5,0.24314119
1,5.5,0.24385616
1,5.5,0.22588666
1,5.5,0.22046222
1,5.5,0.21316215
1,5.5,0.24415331
1,5.5,0.21760060
1,5.5,0.12826240
1,5.5,0.19064708
1,5.5,0.36652794
1,5.5,0.21300782
1,5.5,0.22586954
1,5.5,0.33314976
1,5.5,0.17795295
1,5.6,0.23478161
1,5.6,0.19294570
1,5.6,0.25249356
1,5.6,0.23782909
1,5.6,0.29295385
1,5.6,0.26595944
1,5.6,0.17343469
1,5.6,0.16276498
1,5.6,0.21994348
1,5.6,0.18675989
1,5.6,0.20784858
1,5.6,0.21395114
1,5.6,0.21212941
1,5.6,0.19151162
1,5.6,0.43348068
1,5.6,0.27892455
1,5.6,0.27383471
1,5.6,0.23446181
1,5.6,0.26387316
1,5.6,0.20003037
1,5.6,0.23933250
1,5.6,0.21684730
1,5.6,0.26890221
1,5.6,0.20679449
1,5.6,0.21800962
1,5.6,0.28267321
1,5.6,0.21078451
1,5.6,0.27291930
1,5.6,0.22678410
1,5.6,0.23297337
1,5.6,0.18140489
1,5.6,0.21280320
1,5.6,0.26960212
1,5.6,0.22869796
1,5.6,0.28889593
1,5.6,0.28525919
1,5.6,0.25211489
1,5.6,0.21873745
1,5.6,0.29818138
1,5.6,0.14760046
1,5.6,0.26052362
1,5.6,0.27108839
1,5.6,0.24353428
1,5.6,0.25897640
1,5.6,0.31348312
1,5.6,0.13167247
1,5.6,0.25881115
1,5.6,0.19040704
1,5.6,0.27188766
1,5.6,0.18836495
1,5.6,0.15325877
1,5.6,0.26240763
1,5.6,0.27535480
1,5.6,0.26708654
1,5.6,0.24107601
1,5.6,0.34038046
1,5.6,0.19351667
1,5.6,0.28842667
1,5.6,0.27182108
1,5.6,0.20598395
1,5.6,0.20826063
1,5.6,0.19297795
1,5.6,0.18480565
1,5.6,0.19050114
1,5.6,0.27215010
1,5.6,0.17608364
1,5.6,0.27282485
1,5.6,0.21097612
1,5.6,0.16931510
1,5.7,0.17381017
1,5.7,0.24434215
1,5.7,0.25560272
1,5.7,0.23559992
1,5.7,0.24589735
1,5.7,0.22974107
1,5.7,0.23657927
1,5.7,0.33619452
1,5.7,0.22980371
1,5.7,0.17265540
1,5.7,0.28031948
1,5.7,0.17008664
1,5.7,0.29497698
1,5.7,0.31541139
1,5.7,0.24574187
1,5.7,0.25699845
1,5.7,0.29926026
1,5.7,0.30973494
1,5.7,0.25596967
1,5.7,0.37766224
1,5.7,0.18718238
1,5.7,0.30225465
1,5.7,0.28813013
1,5.7,0.28602192
1,5.7,0.28535599
1,5.7,0.23698880
1,5.7,0.31193221
1,5.7,0.25806627
1,5.7,0.36345923
1,5.7,0.26085636
1,5.7,0.22059716
1,5.7,0.24418122
1,5.7,0.20793782
1,5.7,0.29089707
1,5.7,0.28594869
1,5.7,0.24080878
1,5.7,0.22497237
1,5.7,0.18722302
1,5.7,0.17792527
1,5.7,0.22075468
1,5.7,0.23168556
1,5.7,0.17558366
1,5.7,0.22892222
1,5.7,0.30178285
1,5.7,0.30456766
1,5.7,0.14377454
1,5.7,0.20063010
1,5.7,0.24705413
1,5.7,0.21007028
1,5.7,0.22803821
1,5.7,0.16930375
1,5.7,0.29539016
1,5.7,0.30296567
1,5.7,0.20839988
1,5.7,0.19409041
1,5.7,0.18730401
1,5.7,0.20406999
1,5.7,0.33458179
1,5.7,0.19827366
1,5.7,0.13617739
1,5.7,0.24493703
1,5.7,0.21731274
1,5.7,0.23733570
1,5.7,0.16556461
1,5.7,0.16855384
1,5.7,0.20707539
1,5.7,0.25172338
1,5.7,0.23989128
1,5.7,0.30893365
1,5.8,0.22782092
1,5.8,0.13928983
1,5.8,0.18211514
1,5.8,0.16527757
1,5.8,0.36973864
1,5.8,0.27596071
1,5.8,0.23982240
1,5.8,0.17643923
1,5.8,0.28991431
1,5.8,0.16799866
1,5.8,0.23282637
1,5.8,0.21701223
1,5.8,0.17101409
1,5.8,0.29564038
1,5.8,0.29175654
1,5.8,0.19507718
1,5.8,0.31042451
1,5.8,0.30138540
1,5.8,0.26528326
1,5.8,0.18616252
1,5.8,0.30805212
1,5.8,0.23885232
1,5.8,0.19581713
1,5.8,0.21987484
1,5.8,0.22936602
1,5.8,0.13272010
1,5.8,0.17018220
1,5.8,0.24229206
1,5.8,0.23230416
1,5.8,0.18986785
1,5.8,0.24531691
1,5.8,0.27482301
1,5.8,0.19712304
1,5.8,0.23155902
1,5.8,0.24276243
1,5.8,0.27438545
1,5.8,0.25217205
1,5.8,0.30263498
1,5.8,0.25440264
1,5.8,0.18438911
1,5.8,0.25497347
1,5.8,0.18809928
1,5.8,0.24080199
1,5.8,0.23190291
1,5.8,0.22382954
1,5.8,0.23151638
1,5.8,0.27303699
1,5.8,0.15501119
1,5.8,0.22724807
1,5.8,0.31827709
1,5.8,0.23289476
1,5.8,0.23511416
1,5.8,0.13139747
1,5.8,0.32081160
1,5.8,0.25493777
1,5.8,0.21065015
1,5.8,0.22587560
1,5.8,0.19084758
1,5.8,0.12103242
1,5.8,0.28495535
1,5.8,0.17633170
1,5.8,0.22602792
1,5.8,0.22879978
1,5.8,0.25166625
1,5.8,0.32403478
1,5.8,0.21104018
1,5.8,0.21378049
1,5.8,0.16433468
1,5.8,0.13653904
1,5.9,0.29941726
1,5.9,0.25468615
1,5.9,0.13052727
1,5.9,0.18140396
1,5.9,0.18648590
1,5.9,0.29879406
1,5.9,0.18858917
1,5.9,0.23478556
1,5.9,0.19216228
1,5.9,0.18456106
1,5.9,0.17118497
1,5.9,0.19626853
1,5.9,0.20599395
1,5.9,0.19938378
1,5.9,0.22631064
1,5.9,0.14866449
1,5.9,0.25935659
1,5.9,0.24560063
1,5.9,0.27509257
1,5.9,0.21380518
1,5.9,0.22198725
1,5.9,0.22887696
1,5.9,0.25106221
1,5.9,0.19321080
1,5.9,0.25495106
1,5.9,0.19434533
1,5.9,0.25398791
1,5.9,0.27922702
1,5.9,0.24532577
1,5.9,0.26246291
1,5.9,0.20381770
1,5.9,0.23492478
1,5.9,0.23577981
1,5.9,0.26280880
1,5.9,0.33545348
1,5.9,0.24176805
1,5.9,0.28051245
1,5.9,0.21310878
1,5.9,0.24170989
1,5.9,0.28776592
1,5.9,0.26130781
1,5.9,0.20229405
1,5.9,0.28374100
1,5.9,0.27356830
1,5.9,0.20603400
1,5.9,0.20821150
1,5.9,0.27382386
1,5.9,0.23351577
1,5.9,0.24298805
1,5.9,0.24689800
1,5.9,0.21631518
1,5.9,0.26576355
1,5.9,0.25432035
1,5.9,0.19136910
1,5.9,0.22080150
1,5.9,0.26818570
1,5.9,0.30750170
1,5.9,0.23644190
1,5.9,0.21626630
1,5.9,0.24531564
1,5.9,0.26013303
1,5.9,0.26314461
1,5.9,0.23030837
1,5.9,0.20736924
1,5.9,0.18681328
1,5.9,0.17325337
1,5.9,0.19610874
1,5.9,0.25892931
1,6.0,0.22610550
1,6.0,0.30707484
1,6.0,0.24223065
1,6.0,0.19688396
1,6.0,0.22375268
1,6.0,0.24155925
1,6.0,0.19851770
1,6.0,0.28572348
1,6.0,0.23804350
1,6.0,0.22309139
1,6.0,0.18790627
1,6.0,0.20055290
1,6.0,0.17265029
1,6.0,0.22587197
1,6.0,0.21469207
1,6.0,0.22871800
1,6.0,0.27189043
1,6.0,0.33616191
1,6.0,0.37923294
1,6.0,0.19831511
1,6.0,0.34192839
1,6.0,0.24377242
1,6.0,0.19528851
1,6.0,0.31312534
1,6.0,0.30826253
1,6.0,0.24735300
1,6.0,0.28305495
1,6.0,0.30356747
1,6.0,0.37505350
1,6.0,0.23529257
1,6.0,0.18855038
1,6.0,0.28299493
1,6.0,0.22317868
1,6.0,0.22483000
1,6.0,0.18798651
1,6.0,0.28685787
1,6.0,0.26855424
1,6.0,0.31162599
1,6.0,0.29784945
1,6.0,0.21801177
1,6.0,0.22068927
1,6.0,0.29727101
1,6.0,0.21748836
1,6.0,0.26387489
1,6.0,0.19582132
1,6.0,0.20384559
1,6.0,0.23011330
1,6.0,0.20921674
1,6.0,0.32095933
1,6.0,0.24403527
1,6.0,0.22359787
1,6.0,0.22081806
1,6.0,0.25054881
1,6.0,0.30912966
1,6.0,0.20577097
1,6.0,0.16757879
1,6.0,0.23732358
1,6.0,0.26016536
1,6.0,0.25559744
1,6.0,0.33766270
1,6.0,0.36392349
1,6.0,0.23374166
1,6.0,0.21944670
1,6.0,0.25147164
1,6.0,0.18905681
1,6.0,0.24301475
1,6.0,0.27061024
1,6.0,0.18757237
1,6.0,0.20115522
1,6.1,0.20457725
1,6.1,0.25605488
1,6.1,0.23036349
1,6.1,0.24223599
1,6.1,0.22354819
1,6.1,0.26277038
1,6.1,0.13444430
1,6.1,0.19368419
1,6.1,0.23553121
1,6.1,0.25114152
1,6.1,0.29390749
1,6.1,0.25972375
1,6.1,0.25802159
1,6.1,0.25827003
1,6.1,0.23138976
1,6.1,0.14583588
1,6.1,0.23159221
1,6.1,0.24201193
1,6.1,0.23625501
1,6.1,0.28183323
1,6.1,0.23792937
1,6.1,0.19280967
1,6.1,0.15472050
1,6.1,0.21397336
1,6.1,0.26685369
1,6.1,0.23109615
1,6.1,0.20006751
1,6.1,0.25443658
1,6.1,0.25676489
1,6.1,0.19918902
1,6.1,0.22957052
1,6.1,0.20689161
1,6.1,0.16535965
1,6.1,0.24162214
1,6.1,0.21742448
1,6.1,0.19742717
1,6.1,0.16114447
1,6.1,0.30106854
1,6.1,0.21397828
1,6.1,0.38568610
1,6.1,0.32977197
1,6.1,0.32141665
1,6.1,0.25283039
1,6.1,0.25366372
1,6.1,0.18715689
1,6.1,0.21768145
1,6.1,0.25952533
1,6.1,0.22206412
1,6.1,0.21287942
1,6.1,0.23600225
1,6.1,0.19546527
1,6.1,0.26387814
1,6.1,0.23655139
1,6.1,0.29116148
1,6.1,0.22578314
1,6.1,0.21682476
1,6.1,0.22926517
1,6.1,0.25924006
1,6.1,0.25476813
1,6.1,0.30239967
1,6.1,0.21036242
1,6.1,0.16870907
1,6.1,0.37808710
1,6.1,0.37039909
1,6.1,0.29937285
1,6.1,0.29740772
1,6.1,0.25859642
1,6.1,0.20266686
1,6.1,0.28710032
1,6.2,0.28988695
1,6.2,0.20453812
1,6.2,0.29406580
1,6.2,0.18276612
1,6.2,0.23422378
1,6.2,0.18887179
1,6.2,0.26346835
1,6.2,0.36288768
1,6.2,0.19557150
1,6.2,0.23445135
1,6.2,0.23675065
1,6.2,0.22395037
1,6.2,0.24430968
1,6.2,0.23785785
1,6.2,0.22250500
1,6.2,0.23272869
1,6.2,0.24336398
1,6.2,0.23492551
1,6.2,0.24699953
1,6.2,0.19160798
1,6.2,0.29832330
1,6.2,0.32166496
1,6.2,0.22519261
1,6.2,0.21404888
1,6.2,0.15464884
1,6.2,0.20929338
1,6.2,0.22793265
1,6.2,0.25667250
1,6.2,0.31200010
1,6.2,0.18140134
1,6.2,0.28036466
1,6.2,0.23384693
1,6.2,0.23805855
1,6.2,0.24893411
1,6.2,0.16708960
1,6.2,0.23599963
1,6.2,0.16210711
1,6.2,0.24201752
1,6.2,0.24890973
1,6.2,0.16294284
1,6.2,0.29459643
1,6.2,0.20883583
1,6.2,0.23418637
1,6.2,0.23888454
1,6.2,0.13225354
1,6.2,0.23358075
1,6.2,0.19108909
1,6.2,0.24636212
1,6.2,0.22988929
1,6.2,0.19637087
1,6.2,0.20892219
1,6.2,0.35544577
1,6.2,0.30294403
1,6.2,0.25137478
1,6.2,0.17012239
1,6.2,0.27406693
1,6.2,0.30214691
1,6.2,0.27037448
1,6.2,0.17775616
1,6.2,0.23165786
1,6.2,0.24891549
1,6.2,0.34446657
1,6.2,0.30478251
1,6.2,0.30999452
1,6.2,0.27792621
1,6.2,0.23429893
1,6.2,0.21927632
1,6.2,0.26973417
1,6.2,0.27887815
1,6.3,0.18683782
1,6.3,0.19960499
1,6.3,0.23929867
1,6.3,0.23316211
1,6.3,0.33452129
1,6.3,0.21247283
1,6.3,0.32858038
1,6.3,0.23624775
1,6.3,0.27694705
1,6.3,0.19234157
1,6.3,0.34336323
1,6.3,0.24534805
1,6.3,0.21225169
1,6.3,0.24124531
1,6.3,0.21760324
1,6.3,0.20053959
1,6.3,0.22725402
1,6.3,0.22316495
1,6.3,0.28880030
1,6.3,0.25544325
1,6.3,0.23146676
1,6.3,0.28063697
1,6.3,0.20654048
1,6.3,0.25510803
1,6.3,0.23304720
1,6.3,0.20712745
1,6.3,0.24147815
1,6.3,0.20018269
1,6.3,0.24378863
1,6.3,0.22990127
1,6.3,0.15841350
1,6.3,0.31418851
1,6.3,0.20383078
1,6.3,0.23112048
1,6.3,0.19424874
1,6.3,0.25446033
1,6.3,0.20762461
1,6.3,0.16095757
1,6.3,0.30283034
1,6.3,0.22600240
1,6.3,0.17069034
1,6.3,0.30674210
1,6.3,0.20434184
1,6.3,0.22207181
1,6.3,0.17102315
1,6.3,0.17491703
1,6.3,0.18311115
1,6.3,0.21891770
1,6.3,0.22273459
1,6.3,0.27603781
1,6.3,0.18929641
1,6.3,0.24521798
1,6.3,0.23143892
1,6.3,0.20411922
1,6.3,0.32429534
1,6.3,0.25898868
1,6.3,0.18236285
1,6.3,0.28089607
1,6.3,0.16605216
1,6.3,0.21447821
1,6.3,0.24329044
1,6.3,0.23986369
1,6.3,0.28698909
1,6.3,0.29185107
1,6.3,0.27654827
1,6.3,0.25094503
1,6.3,0.29436806
1,6.3,0.30930445
1,6.3,0.24501312
1,6.4,0.22769013
1,6.4,0.18409973
1,6.4,0.19030595
1,6.4,0.25738564
1,6.4,0.18519728
1,6.4,0.34023175
1,6.4,0.20203327
1,6.4,0.22088279
1,6.4,0.27234945
1,6.4,0.22909465
1,6.4,0.31601653
1,6.4,0.22586344
1,6.4,0.18024354
1,6.4,0.28632855
1,6.4,0.26587108
1,6.4,0.26880136
1,6.4,0.24663895
1,6.4,0.23095854
1,6.4,0.25546053
1,6.4,0.29225510
1,6.4,0.20976362
1,6.4,0.17528807
1,6.4,0.26521981
1,6.4,0.28207645
1,6.4,0.31648856
1,6.4,0.24833629
1,6.4,0.28239730
1,6.4,0.22995906
1,6.4,0.16542147
1,6.4,0.24036849
1,6.4,0.21903694
1,6.4,0.22614355
1,6.4,0.28434420
1,6.4,0.19052345
1,6.4,0.23712116
1,6.4,0.23267500
1,6.4,0.27662680
1,6.4,0.21321866
1,6.4,0.16703562
1,6.4,0.15026788
1,6.4,0.21076712
1,6.4,0.32359204
1,6.4,0.19522293
1,6.4,0.15753774
1,6.4,0.27470228
1,6.4,0.24997795
1,6.4,0.28997481
1,6.4,0.25000629
1,6.4,0.15717912
1,6.4,0.27934402
1,6.4,0.21386302
1,6.4,0.26541594
1,6.4,0.24530506
1,6.4,0.26296097
1,6.4,0.15532552
1,6.4,0.21480349
1,6.4,0.21108364
1,6.4,0.24524704
1,6.4,0.20849763
1,6.4,0.33018032
1,6.4,0.20636655
1,6.4,0.20196174
1,6.4,0.20286179
1,6.4,0.24294108
1,6.4,0.40898466
1,6.4,0.26051646
1,6.4,0.23127107
1,6.4,0.20287549
1,6.5,0.25350916
1,6.5,0.28650847
1,6.5,0.27143499
1,6.5,0.21001717
1,6.5,0.28339526
1,6.5,0.20040829
1,6.5,0.25409964
1,6.5,0.20164411
1,6.5,0.27220878
1,6.5,0.29293525
1,6.5,0.28177360
1,6.5,0.20725203
1,6.5,0.19097030
1,6.5,0.17772591
1,6.5,0.19379768
1,6.5,0.29310474
1,6.5,0.22596230
1,6.5,0.26212639
1,6.5,0.30015063
1,6.5,0.22894479
1,6.5,0.23860294
1,6.5,0.18740487
1,6.5,0.21001686
1,6.5,0.22666706
1,6.5,0.18852858
1,6.5,0.28698871
1,6.5,0.31125602
1,6.5,0.23131406
1,6.5,0.21709667
1,6.5,0.19233839
1,6.5,0.28464070
1,6.5,0.26677319
1,6.5,0.13858600
1,6.5,0.18684161
1,6.5,0.20941442
1,6.5,0.33728608
1,6.5,0.14916518
1,6.5,0.17108932
1,6.5,0.18802395
1,6.5,0.20899317
1,6.5,0.20895579
1,6.5,0.27351704
1,6.5,0.27425835
1,6.5,0.17970903
1,6.5,0.22329189
1,6.5,0.23393515
1,6.5,0.24424848
1,6.5,0.21954250
1,6.5,0.18480471
1,6.5,0.22484069
1,6.5,0.24250904
1,6.5,0.20535745
1,6.5,0.22619064
1,6.5,0.24624152
1,6.5,0.20268950
1,6.5,0.20185702
1,6.5,0.21819976
1,6.5,0.16330847
1,6.5,0.13873516
1,6.5,0.19600216
1,6.5,0.19518569
1,6.5,0.21464124
1,6.5,0.24165648
1,6.5,0.31491697
1,6.5,0.21085393
1,6.5,0.16376106
1,6.5,0.19750570
1,6.5,0.26143077
1,6.5,0.23253982
1,6.6,0.20582347
1,6.6,0.26087147
1,6.6,0.18188186
1,6.6,0.24257924
1,6.6,0.23654804
1,6.6,0.30193079
1,6.6,0.27030280
1,6.6,0.19797012
1,6.6,0.20796573
1,6.6,0.26572102
1,6.6,0.18720585
1,6.6,0.23686817
1,6.6,0.23338546
1,6.6,0.22881016
1,6.6,0.23329134
1,6.6,0.26076072
1,6.6,0.20718123
1,6.6,0.23701476
1,6.6,0.27029669
1,6.6,0.25045654
1,6.6,0.20671616
1,6.6,0.26968336
1,6.6,0.23638141
1,6.6,0.28805128
1,6.6,0.30163655
1,6.6,0.26011690
1,6.6,0.25949949
1,6.6,0.28932327
1,6.6,0.24485558
1,6.6,0.23288599
1,6.6,0.21857129
1,6.6,0.21125047
1,6.6,0.26200849
1,6.6,0.28765115
1,6.6,0.17506093
1,6.6,0.28777984
1,6.6,0.24283123
1,6.6,0.20977086
1,6.6,0.13981462
1,6.6,0.24228422
1,6.6,0.36442718
1,6.6,0.27705213
1,6.6,0.34333962
1,6.6,0.24402690
1,6.6,0.39683980
1,6.6,0.25396758
1,6.6,0.32473204
1,6.6,0.32443208
1,6.6,0.32670000
1,6.6,0.30460188
1,6.6,0.23883477
1,6.6,0.27130267
1,6.6,0.19568849
1,6.6,0.28336623
1,6.6,0.29198045
1,6.6,0.16478860
1,6.6,0.21949975
1,6.6,0.22243573
1,6.6,0.20688301
1,6.6,0.20035647
1,6.6,0.26861152
1,6.6,0.29770607
1,6.6,0.24875474
1,6.6,0.25083897
1,6.6,0.23029664
1,6.6,0.23827419
1,6.6,0.30212063
1,6.6,0.26811519
1,6.6,0.21638051
1,6.7,0.23954533
1,6.7,0.25594932
1,6.7,0.21856055
1,6.7,0.20775858
1,6.7,0.27564633
1,6.7,0.24325939
1,6.7,0.19828826
1,6.7,0.20514631
1,6.7,0.26019207
1,6.7,0.27813962
1,6.7,0.17540722
1,6.7,0.20680790
1,6.7,0.30345917
1,6.7,0.28323141
1,6.7,0.25964597
1,6.7,0.24107212
1,6.7,0.27209738
1,6.7,0.25379217
1,6.7,0.25280359
1,6.7,0.15851128
1,6.7,0.19374259
1,6.7,0.18834534
1,6.7,0.30194506
1,6.7,0.19882122
1,6.7,0.32616842
1,6.7,0.22128934
1,6.7,0.22654742
1,6.7,0.22490868
1,6.7,0.17772199
1,6.7,0.13901444
1,6.7,0.22593811
1,6.7,0.19541799
1,6.7,0.20669359
1,6.7,0.25096521
1,6.7,0.29534432
1,6.7,0.24941327
1,6.7,0.23776622
1,6.7,0.21870799
1,6.7,0.27606091
1,6.7,0.24183047
1,6.7,0.31429976
1,6.7,0.16574278
1,6.7,0.24927054
1,6.7,0.17655341
1,6.7,0.20010149
1,6.7,0.21692799
1,6.7,0.28671136
1,6.7,0.30074504
1,6.7,0.25609928
1,6.7,0.18350026
1,6.7,0.26521793
1,6.7,0.29978716
1,6.7,0.21137060
1,6.7,0.22196379
1,6.7,0.20706409
1,6.7,0.24064149
1,6.7,0.22757511
1,6.7,0.25991413
1,6.7,0.23222783
1,6.7,0.31352887
1,6.7,0.24414045
1,6.7,0.21457019
1,6.7,0.18162584
1,6.7,0.21087056
1,6.7,0.13594149
1,6.7,0.20955412
1,6.7,0.25687879
1,6.7,0.11607895
1,6.7,0.27953202
1,6.8,0.17324151
1,6.8,0.20742193
1,6.8,0.21117833
1,6.8,0.19469976
1,6.8,0.22770734
1,6.8,0.21748658
1,6.8,0.18319705
1,6.8,0.22629584
1,6.8,0.34286141
1,6.8,0.27213848
1,6.8,0.25741732
1,6.8,0.23735493
1,6.8,0.38048300
1,6.8,0.27952939
1,6.8,0.22915080
1,6.8,0.20637490
1,6.8,0.35419747
1,6.8,0.19500250
1,6.8,0.29518536
1,6.8,0.25761819
1,6.8,0.25180340
1,6.8,0.20846684
1,6.8,0.19520463
1,6.8,0.23047303
1,6.8,0.26879632
1,6.8,0.18344437
1,6.8,0.25308752
1,6.8,0.22607216
1,6.8,0.22096084
1,6.8,0.20388590
1,6.8,0.19551042
1,6.8,0.24751285
1,6.8,0.19203030
1,6.8,0.23328279
1,6.8,0.19375886
1,6.8,0.17081365
1,6.8,0.19686833
1,6.8,0.27308676
1,6.8,0.16245875
1,6.8,0.27075797
1,6.8,0.25039592
1,6.8,0.21052399
1,6.8,0.24195664
1,6.8,0.24971049
1,6.8,0.22637202
1,6.8,0.16498454
1,6.8,0.26758182
1,6.8,0.22178778
1,6.8,0.26488501
1,6.8,0.23211673
1,6.8,0.22005677
1,6.8,0.34971523
1,6.8,0.22981036
1,6.8,0.24333607
1,6.8,0.22399601
1,6.8,0.22217797
1,6.8,0.29176515
1,6.8,0.26272207
1,6.8,0.20051464
1,6.8,0.23393574
1,6.8,0.26864451
1,6.8,0.23690209
1,6.8,0.22581214
1,6.8,0.19148308
1,6.8,0.27312458
1,6.8,0.20749258
1,6.8,0.19329737
1,6.8,0.26780066
1,6.8,0.28134331
1,6.9,0.19948882
1,6.9,0.18718524
1,6.9,0.16887818
1,6.9,0.24472269
1,6.9,0.25406051
1,6.9,0.17969622
1,6.9,0.26878944
1,6.9,0.21404247
1,6.9,0.27256656
1,6.9,0.22524518
1,6.9,0.26930800
1,6.9,0.24957189
1,6.9,0.44136527
1,6.9,0.29338855
1,6.9,0.34170306
1,6.9,0.27336672
1,6.9,0.27331927
1,6.9,0.30032414
1,6.9,0.25422168
1,6.9,0.30011493
1,6.9,0.18333055
1,6.9,0.27591619
1,6.9,0.30964375
1,6.9,0.24942297
1,6.9,0.20151727
1,6.9,0.27193689
1,6.9,0.27288681
1,6.9,0.31701791
1,6.9,0.21825884
1,6.9,0.30149540
1,6.9,0.27046800
1,6.9,0.21209849
1,6.9,0.30574161
1,6.9,0.34029597
1,6.9,0.28852922
1,6.9,0.22155334
1,6.9,0.27431074
1,6.9,0.19363503
1,6.9,0.19594878
1,6.9,0.19557908
1,6.9,0.25120017
1,6.9,0.29228798
1,6.9,0.40183499
1,6.9,0.21195681
1,6.9,0.32935694
1,6.9,0.23572823
1,6.9,0.28811517
1,6.9,0.20450376
1,6.9,0.22940175
1,6.9,0.12966971
1,6.9,0.17572334
1,6.9,0.25512865
1,6.9,0.25832832
1,6.9,0.22681127
1,6.9,0.31799421
1,6.9,0.19031170
1,6.9,0.19371757
1,6.9,0.24306695
1,6.9,0.29965076
1,6.9,0.26473707
1,6.9,0.18330973
1,6.9,0.15942819
1,6.9,0.24332874
1,6.9,0.23431432
1,6.9,0.22376588
1,6.9,0.23931368
1,6.9,0.18523315
1,6.9,0.21278350
1,7.0,0.23061889
1,7.0,0.25959343
1,7.0,0.27942097
1,7.0,0.19065787
1,7.0,0.24243504
1,7.0,0.23120655
1,7.0,0.17618127
1,7.0,0.25126362
1,7.0,0.20159423
1,7.0,0.24410810
1,7.0,0.18188006
1,7.0,0.21260715
1,7.0,0.22160339
1,7.0,0.20043646
1,7.0,0.31188923
1,7.0,0.25922340
1,7.0,0.15999766
1,7.0,0.26480579
1,7.0,0.25029269
1,7.0,0.21222311
1,7.0,0.31724203
1,7.0,0.15809175
1,7.0,0.22337703
1,7.0,0.25371629
1,7.0,0.25683653
1,7.0,0.20847675
1,7.0,0.25859436
1,7.0,0.35236144
1,7.0,0.27756593
1,7.0,0.20559382
1,7.0,0.17077710
1,7.0,0.25596544
1,7.0,0.18920405
1,7.0,0.23379847
1,7.0,0.23181064
1,7.0,0.21775819
1,7.0,0.23489222
1,7.0,0.22861040
1,7.0,0.19902118
1,7.0,0.28609160
1,7.0,0.22546025
1,7.0,0.28357944
1,7.0,0.25432357
1,7.0,0.12495425
1,7.0,0.22619672
1,7.0,0.25199196
1,7.0,0.11398378
1,7.0,0.21018711
1,7.0,0.24587376
1,7.0,0.13314572
1,7.0,0.23582143
1,7.0,0.19316086
1,7.0,0.20073161
1,7.0,0.41165355
1,7.0,0.21248183
1,7.0,0.21881638
1,7.0,0.17049795
1,7.0,0.16758291
1,7.0,0.35992339
1,7.0,0.32095009
1,7.0,0.19967408
1,7.0,0.27269894
1,7.0,0.29825982
1,7.0,0.20526007
1,7.0,0.23734978
1,7.0,0.24201785
1,7.0,0.20167607
1,7.0,0.20160307
1,7.0,0.15405473
1,7.1,0.17823650
1,7.1,0.14491402
1,7.1,0.17988828
1,7.1,0.23654881
1,7.1,0.24437959
1,7.1,0.30861515
1,7.1,0.30161324
1,7.1,0.21297859
1,7.1,0.25557664
1,7.1,0.25108761
1,7.1,0.21788801
1,7.1,0.26888379
1,7.1,0.21297729
1,7.1,0.20885229
1,7.1,0.20479259
1,7.1,0.17953753
1,7.1,0.22549862
1,7.1,0.35721713
1,7.1,0.25736263
1,7.1,0.17467542
1,7.1,0.27022657
1,7.1,0.23445851
1,7.1,0.22053605
1,7.1,0.23716225
1,7.1,0.29102388
1,7.1,0.21680288
1,7.1,0.17250018
1,7.1,0.17183602
1,7.1,0.31242198
1,7.1,0.24159823
1,7.1,0.23922609
1,7.1,0.21956800
1,7.1,0.30112615
1,7.1,0.19673587
1,7.1,0.29641804
1,7.1,0.22747529
1,7.1,0.27507129
1,7.1,0.18584852
1,7.1,0.32011801
1,7.1,0.21385947
1,7.1,0.30026969
1,7.1,0.19766873
1,7.1,0.27975681
1,7.1,0.22667645
1,7.1,0.24958375
1,7.1,0.16823679
1,7.1,0.22154321
1,7.1,0.20928189
1,7.1,0.16578858
1,7.1,0.15857211
1,7.1,0.21392798
1,7.1,0.25421998
1,7.1,0.23971640
1,7.1,0.27139348
1,7.1,0.18235320
1,7.1,0.25052750
1,7.1,0.20729037
1,7.1,0.14524524
1,7.1,0.32927638
1,7.1,0.19253480
1,7.1,0.21386923
1,7.1,0.23857008
1,7.1,0.24203724
1,7.1,0.18341468
1,7.1,0.22941586
1,7.1,0.22406982
1,7.1,0.28121912
1,7.1,0.23480745
1,7.1,0.24639764
1,7.2,0.26540878
1,7.2,0.24206065
1,7.2,0.24014430
1,7.2,0.14527102
1,7.2,0.22627963
1,7.2,0.22503310
1,7.2,0.16211557
1,7.2,0.17629038
1,7.2,0.23668440
1,7.2,0.15314552
1,7.2,0.23650625
1,7.2,0.19699508
1,7.2,0.17631242
1,7.2,0.17196757
1,7.2,0.18012352
1,7.2,0.16997975
1,7.2,0.24776939
1,7.2,0.17489555
1,7.2,0.15037054
1,7.2,0.27674660
1,7.2,0.19790836
1,7.2,0.12668128
1,7.2,0.32468152
1,7.2,0.21686159
1,7.2,0.16926673
1,7.2,0.29374373
1,7.2,0.18644249
1,7.2,0.24325845
1,7.2,0.27300832
1,7.2,0.26101676
1,7.2,0.20458476
1,7.2,0.20370667
1,7.2,0.19123460
1,7.2,0.23337232
1,7.2,0.22634836
1,7.2,0.13730370
1,7.2,0.22930406
1,7.2,0.24045451
1,7.2,0.16421112
1,7.2,0.34037831
1,7.2,0.14055517
1,7.2,0.21589071
1,7.2,0.17608057
1,7.2,0.19992246
1,7.2,0.27005491
1,7.2,0.17436542
1,7.2,0.18647780
1,7.2,0.18425731
1,7.2,0.22987781
1,7.2,0.20001651
1,7.2,0.16285950
1,7.2,0.16503936
1,7.2,0.26885524
1,7.2,0.18142585
1,7.2,0.20501867
1,7.2,0.24155742
1,7.2,0.22953717
1,7.2,0.35199210
1,7.2,0.25697958
1,7.2,0.37078556
1,7.2,0.23558831
1,7.2,0.19740497
1,7.2,0.24634571
1,7.2,0.22564630
1,7.2,0.34606072
1,7.2,0.19408529
1,7.2,0.22765362
1,7.2,0.27713010
1,7.2,0.23516402
1,7.3,0.25535968
1,7.3,0.28065264
1,7.3,0.20892939
1,7.3,0.11526028
1,7.3,0.20985587
1,7.3,0.19096264
1,7.3,0.22609371
1,7.3,0.26545247
1,7.3,0.27947941
1,7.3,0.28331754
1,7.3,0.25433391
1,7.3,0.19768396
1,7.3,0.22815546
1,7.3,0.31986025
1,7.3,0.23322049
1,7.3,0.22017194
1,7.3,0.27934080
1,7.3,0.30230847
1,7.3,0.22817273
1,7.3,0.21709616
1,7.3,0.22899991
1,7.3,0.22215180
1,7.3,0.23103964
1,7.3,0.22891252
1,7.3,0.22001950
1,7.3,0.16320398
1,7.3,0.21338040
1,7.3,0.23342386
1,7.3,0.19188243
1,7.3,0.15579046
1,7.3,0.12576400
1,7.3,0.22058102
1,7.3,0.20797159
1,7.3,0.20305905
1,7.3,0.22648588
1,7.3,0.20264611
1,7.3,0.23621772
1,7.3,0.19887681
1,7.3,0.20977569
1,7.3,0.23811518
1,7.3,0.19431083
1,7.3,0.28923827
1,7.3,0.23077549
1,7.3,0.20318821
1,7.3,0.23551027
1,7.3,0.22578375
1,7.3,0.20642474
1,7.3,0.15189442
1,7.3,0.31405795
1,7.3,0.33872712
1,7.3,0.27423519
1,7.3,0.34434691
1,7.3,0.28765184
1,7.3,0.35190839
1,7.3,0.24965027
1,7.3,0.16956417
1,7.3,0.33003563
1,7.3,0.16272861
1,7.3,0.23911452
1,7.3,0.26051834
1,7.3,0.39576450
1,7.3,0.26832303
1,7.3,0.21172796
1,7.3,0.27538913
1,7.3,0.20689523
1,7.3,0.20504671
1,7.3,0.22086199
1,7.3,0.21362811
1,7.4,0.23498529
1,7.4,0.26913431
1,7.4,0.16795716
1,7.4,0.25164819
1,7.4,0.27186000
1,7.4,0.30698791
1,7.4,0.16692063
1,7.4,0.18343204
1,7.4,0.22655149
1,7.4,0.21640828
1,7.4,0.17072803
1,7.4,0.17678985
1,7.4,0.33016840
1,7.4,0.25772068
1,7.4,0.17809312
1,7.4,0.22208203
1,7.4,0.22037834
1,7.4,0.24148560
1,7.4,0.29021394
1,7.4,0.16999830
1,7.4,0.21365112
1,7.4,0.19993857
1,7.4,0.17398019
1,7.4,0.21255220
1,7.4,0.24382776
1,7.4,0.22047931
1,7.4,0.20228024
1,7.4,0.27197102
1,7.4,0.23140077
1,7.4,0.21745519
1,7.4,0.27552116
1,7.4,0.19274262
1,7.4,0.28237900
1,7.4,0.15022533
1,7.4,0.31556958
1,7.4,0.17209959
1,7.4,0.27170795
1,7.4,0.25295025
1,7.4,0.17964000
1,7.4,0.26181710
1,7.4,0.18482289
1,7.4,0.23062943
1,7.4,0.21417241
1,7.4,0.25530654
1,7.4,0.25906855
1,7.4,0.18776040
1,7.4,0.14994532
1,7.4,0.26008445
1,7.4,0.17133817
1,7.4,0.26219758
1,7.4,0.27775279
1,7.4,0.34846914
1,7.4,0.28426692
1,7.4,0.22940002
1,7.4,0.21707466
1,7.4,0.22130397
1,7.4,0.24118324
1,7.4,0.25701797
1,7.4,0.34883171
1,7.4,0.23865840
1,7.4,0.16569212
1,7.4,0.17844759
1,7.4,0.24182282
1,7.4,0.27437896
1,7.4,0.22501580
1,7.4,0.15923803
1,7.4,0.21962737
1,7.4,0.20209982
1,7.4,0.20689501
1,7.5,0.21835074
1,7.5,0.18191910
1,7.5,0.29412207
1,7.5,0.14429191
1,7.5,0.28562811
1,7.5,0.19788048
1,7.5,0.19684441
1,7.5,0.23106955
1,7.5,0.17955849
1,7.5,0.27765897
1,7.5,0.25124121
1,7.5,0.25710580
1,7.5,0.28022870
1,7.5,0.27452567
1,7.5,0.25490993
1,7.5,0.21515937
1,7.5,0.23915412
1,7.5,0.17440705
1,7.5,0.18904932
1,7.5,0.23239614
1,7.5,0.23333795
1,7.5,0.17347552
1,7.5,0.20688508
1,7.5,0.15327942
1,7.5,0.24386841
1,7.5,0.18724662
1,7.5,0.18996261
1,7.5,0.33929765
1,7.5,0.19476637
1,7.5,0.25873140
1,7.5,0.27544236
1,7.5,0.16658591
1,7.5,0.30021918
1,7.5,0.16028480
1,7.5,0.22160524
1,7.5,0.22370861
1,7.5,0.19970980
1,7.5,0.22974776
1,7.5,0.33326244
1,7.5,0.16828817
1,7.5,0.22453897
1,7.5,0.21775253
1,7.5,0.27127576
1,7.5,0.28290412
1,7.5,0.22368707
1,7.5,0.22670434
1,7.5,0.28569359
1,7.5,0.16152664
1,7.5,0.16165909
1,7.5,0.22152160
1,7.5,0.27803284
1,7.5,0.39275929
1,7.5,0.20250924
1,7.5,0.19496223
1,7.5,0.24690738
1,7.5,0.26036474
1,7.5,0.31040698
1,7.5,0.14054850
1,7.5,0.13202137
1,7.5,0.25251526
1,7.5,0.21439035
1,7.5,0.30462357
1,7.5,0.21133296
1,7.5,0.20489138
1,7.5,0.27025047
1,7.5,0.18858354
1,7.5,0.27746543
1,7.5,0.16069528
1,7.5,0.17316695
1,7.6,0.16409214
1,7.6,0.19396146
1,7.6,0.31237480
1,7.6,0.26536202
1,7.6,0.30688652
1,7.6,0.18871020
1,7.6,0.30627245
1,7.6,0.19415066
1,7.6,0.25784275
1,7.6,0.11575563
1,7.6,0.22991896
1,7.6,0.26790461
1,7.6,0.20228291
1,7.6,0.20809761
1,7.6,0.24874058
1,7.6,0.18984802
1,7.6,0.20322903
1,7.6,0.18323711
1,7.6,0.23950967
1,7.6,0.19860873
1,7.6,0.18480441
1,7.6,0.20069015
1,7.6,0.14445505
1,7.6,0.25422108
1,7.6,0.21830395
1,7.6,0.14302608
1,7.6,0.24366257
1,7.6,0.18903226
1,7.6,0.19569755
1,7.6,0.17457557
1,7.6,0.38672444
1,7.6,0.16033831
1,7.6,0.13579100
1,7.6,0.28986022
1,7.6,0.26698253
1,7.6,0.17731680
1,7.6,0.21411075
1,7.6,0.19138557
1,7.6,0.18084100
1,7.6,0.20833287
1,7.6,0.28045544
1,7.6,0.20311704
1,7.6,0.30438828
1,7.6,0.24376611
1,7.6,0.26488733
1,7.6,0.23964144
1,7.6,0.24954289
1,7.6,0.28926513
1,7.6,0.21504037
1,7.6,0.22857393
1,7.6,0.26505771
1,7.6,0.16879512
1,7.6,0.21071105
1,7.6,0.15671581
1,7.6,0.22820355
1,7.6,0.22893685
1,7.6,0.20822620
1,7.6,0.43784285
1,7.6,0.22326183
1,7.6,0.32142586
1,7.6,0.20517761
1,7.6,0.21091782
1,7.6,0.19348685
1,7.6,0.26860368
1,7.6,0.23988146
1,7.6,0.31448695
1,7.6,0.20275207
1,7.6,0.32747614
1,7.6,0.21125644
1,7.7,0.24385856
1,7.7,0.31270224
1,7.7,0.24488318
1,7.7,0.25242206
1,7.7,0.31864059
1,7.7,0.36666211
1,7.7,0.20680986
1,7.7,0.26422080
1,7.7,0.27703354
1,7.7,0.24378580
1,7.7,0.24125221
1,7.7,0.29000863
1,7.7,0.26444668
1,7.7,0.25602406
1,7.7,0.20521174
1,7.7,0.24634613
1,7.7,0.20988673
1,7.7,0.16817632
1,7.7,0.16025600
1,7.7,0.25700045
1,7.7,0.20484847
1,7.7,0.19315965
1,7.7,0.22974844
1,7.7,0.22652347
1,7.7,0.17909782
1,7.7,0.23085313
1,7.7,0.20246606
1,7.7,0.18762137
1,7.7,0.17630416
1,7.7,0.23795675
1,7.7,0.14969318
1,7.7,0.27142009
1,7.7,0.20562096
1,7.7,0.21885487
1,7.7,0.16527301
1,7.7,0.18453829
1,7.7,0.21722609
1,7.7,0.39371324
1,7.7,0.23039702
1,7.7,0.24724762
1,7.7,0.27623937
1,7.7,0.14338769
1,7.7,0.20468968
1,7.7,0.17832512
1,7.7,0.18116461
1,7.7,0.22938354
1,7.7,0.24329038
1,7.7,0.20983772
1,7.7,0.16747324
1,7.7,0.22024205
1,7.7,0.20026116
1,7.7,0.15362938
1,7.7,0.32287255
1,7.7,0.22242059
1,7.7,0.21633129
1,7.7,0.33006147
1,7.7,0.27637386
1,7.7,0.22661579
1,7.7,0.21836606
1,7.7,0.30600324
1,7.7,0.15807319
1,7.7,0.23308235
1,7.7,0.21023469
1,7.7,0.23742644
1,7.7,0.19699240
1,7.7,0.22661078
1,7.7,0.37309611
1,7.7,0.25793758
1,7.7,0.23921852
1,7.8,0.27621421
1,7.8,0.38074136
1,7.8,0.19848900
1,7.8,0.25299722
1,7.8,0.25418946
1,7.8,0.32094198
1,7.8,0.19686122
1,7.8,0.24150153
1,7.8,0.22179025
1,7.8,0.23019034
1,7.8,0.21375012
1,7.8,0.17633608
1,7.8,0.23651889
1,7.8,0.32619199
1,7.8,0.27866027
1,7.8,0.25162742
1,7.8,0.28609851
1,7.8,0.17183553
1,7.8,0.20877108
1,7.8,0.16652755
1,7.8,0.29674655
1,7.8,0.26224074
1,7.8,0.20421211
1,7.8,0.22152475
1,7.8,0.21152477
1,7.8,0.26447827
1,7.8,0.33053675
1,7.8,0.21429172
1,7.8,0.22779189
1,7.8,0.23914206
1,7.8,0.26972422
1,7.8,0.20583971
1,7.8,0.14643981
1,7.8,0.23577820
1,7.8,0.24737109
1,7.8,0.25399780
1,7.8,0.29794222
1,7.8,0.22313032
1,7.8,0.15643157
1,7.8,0.22036342
1,7.8,0.21165176
1,7.8,0.19556358
1,7.8,0.27036300
1,7.8,0.17744491
1,7.8,0.20233807
1,7.8,0.23060134
1,7.8,0.17926063
1,7.8,0.19654554
1,7.8,0.28540206
1,7.8,0.21993390
1,7.8,0.16543463
1,7.8,0.21833709
1,7.8,0.19563460
1,7.8,0.21183838
1,7.8,0.26688111
1,7.8,0.21163402
1,7.8,0.22849993
1,7.8,0.22649238
1,7.8,0.28406143
1,7.8,0.18467094
1,7.8,0.19366507
1,7.8,0.19530386
1,7.8,0.31312194
1,7.8,0.24683520
1,7.8,0.27986750
1,7.8,0.25300497
1,7.8,0.23024160
1,7.8,0.21910638
1,7.9,0.27130109
1,7.9,0.16027439
1,7.9,0.33621180
1,7.9,0.15280166
1,7.9,0.25904548
1,7.9,0.18358465
1,7.9,0.18337762
1,7.9,0.23634073
1,7.9,0.22409226
1,7.9,0.20927918
1,7.9,0.23456654
1,7.9,0.27605012
1,7.9,0.30265525
1,7.9,0.27415609
1,7.9,0.17668894
1,7.9,0.23108429
1,7.9,0.16222015
1,7.9,0.19480085
1,7.9,0.20711282
1,7.9,0.40969211
1,7.9,0.20003477
1,7.9,0.23129821
1,7.9,0.19658327
1,7.9,0.16816399
1,7.9,0.21244782
1,7.9,0.20923442
1,7.9,0.21709587
1,7.9,0.30293107
1,7.9,0.18287268
1,7.9,0.21656455
1,7.9,0.18801168
1,7.9,0.21476530
1,7.9,0.22112946
1,7.9,0.20197040
1,7.9,0.19606555
1,7.9,0.22247809
1,7.9,0.18392129
1,7.9,0.18111929
1,7.9,0.18323198
1,7.9,0.25167957
1,7.9,0.25302306
1,7.9,0.15427487
1,7.9,0.22546478
1,7.9,0.23397255
1,7.9,0.18077159
1,7.9,0.14727525
1,7.9,0.30607548
1,7.9,0.21874331
1,7.9,0.37376508
1,7.9,0.22170430
1,7.9,0.20971799
1,7.9,0.20556647
1,7.9,0.22759588
1,7.9,0.29473954
1,7.9,0.21718214
1,7.9,0.29536945
1,7.9,0.26572186
1,7.9,0.24095789
1,7.9,0.15367891
1,7.9,0.23552333
1,7.9,0.20346588
1,7.9,0.20955615
1,7.9,0.19680122
1,7.9,0.30636975
1,7.9,0.25165659
1,7.9,0.22584100
1,7.9,0.25401396
1,7.9,0.19711354
1,7.9,0.24255233
1,8.0,0.21494147
1,8.0,0.20026870
1,8.0,0.28035593
1,8.0,0.32471961
1,8.0,0.26702651
1,8.0,0.27777115
1,8.0,0.28671464
1,8.0,0.35452077
1,8.0,0.17652652
1,8.0,0.17674537
1,8.0,0.22702432
1,8.0,0.22417013
1,8.0,0.18296124
1,8.0,0.22840881
1,8.0,0.28481966
1,8.0,0.29091105
1,8.0,0.33404747
1,8.0,0.18041711
1,8.0,0.19290130
1,8.0,0.21930186
1,8.0,0.27929178
1,8.0,0.20472650
1,8.0,0.19381709
1,8.0,0.24167435
1,8.0,0.25921679
1,8.0,0.11606914
1,8.0,0.28030330
1,8.0,0.24737836
1,8.0,0.24743666
1,8.0,0.22338168
1,8.0,0.20968466
1,8.0,0.19827759
1,8.0,0.17244168
1,8.0,0.18766768
1,8.0,0.16733544
1,8.0,0.36846620
1,8.0,0.21226324
1,8.0,0.24656090
1,8.0,0.16427670
1,8.0,0.30342910
1,8.0,0.21934573
1,8.0,0.16713628
1,8.0,0.15964997
1,8.0,0.16481103
1,8.0,0.14046755
1,8.0,0.20933105
1,8.0,0.18417349
1,8.0,0.29108977
1,8.0,0.22424392
1,8.0,0.27220660
1,8.0,0.21562420
1,8.0,0.20066364
1,8.0,0.19841298
1,8.0,0.30354834
1,8.0,0.22531819
1,8.0,0.19331633
1,8.0,0.20230412
1,8.0,0.18458232
1,8.0,0.17166856
1,8.0,0.21700720
1,8.0,0.21966432
1,8.0,0.20486967
1,8.0,0.17243481
1,8.0,0.19871128
1,8.0,0.23369321
1,8.0,0.12750597
1,8.0,0.27438107
1,8.0,0.20528665
1,8.0,0.24661896
1,8.1,0.20205441
1,8.1,0.23447959
1,8.1,0.18044341
1,8.1,0.17450234
1,8.1,0.24025214
1,8.1,0.29435918
1,8.1,0.21005973
1,8.1,0.14928809
1,8.1,0.25529483
1,8.1,0.14795934
1,8.1,0.25634098
1,8.1,0.25396982
1,8.1,0.24103561
1,8.1,0.30508667
1,8.1,0.28838962
1,8.1,0.21356995
1,8.1,0.23601857
1,8.1,0.19907883
1,8.1,0.31180596
1,8.1,0.25244135
1,8.1,0.24008006
1,8.1,0.12772410
1,8.1,0.20802951
1,8.1,0.27803692
1,8.1,0.34198445
1,8.1,0.26726171
1,8.1,0.21275105
1,8.1,0.26886308
1,8.1,0.25399023
1,8.1,0.22811656
1,8.1,0.25547355
1,8.1,0.30548227
1,8.1,0.15226239
1,8.1,0.19898561
1,8.1,0.17739631
1,8.1,0.16896594
1,8.1,0.23459363
1,8.1,0.31300515
1,8.1,0.23789059
1,8.1,0.14846201
1,8.1,0.26198915
1,8.1,0.24122594
1,8.1,0.13762644
1,8.1,0.18699165
1,8.1,0.20447898
1,8.1,0.30567926
1,8.1,0.24170525
1,8.1,0.22029717
1,8.1,0.22504118
1,8.1,0.19992289
1,8.1,0.20302327
1,8.1,0.24147223
1,8.1,0.19433078
1,8.1,0.21916479
1,8.1,0.25285685
1,8.1,0.17370959
1,8.1,0.31191811
1,8.1,0.29430166
1,8.1,0.23784664
1,8.1,0.24808469
1,8.1,0.25480491
1,8.1,0.20693485
1,8.1,0.20055158
1,8.1,0.16716728
1,8.1,0.24452236
1,8.1,0.28871766
1,8.1,0.16245916
1,8.1,0.31329939
1,8.1,0.21831647
1,8.2,0.32074252
1,8.2,0.25152609
1,8.2,0.15986073
1,8.2,0.27796936
1,8.2,0.24347742
1,8.2,0.18697979
1,8.2,0.26877698
1,8.2,0.27415812
1,8.2,0.17542353
1,8.2,0.17165188
1,8.2,0.24999855
1,8.2,0.31517997
1,8.2,0.11868434
1,8.2,0.23088853
1,8.2,0.35556534
1,8.2,0.33430761
1,8.2,0.34202552
1,8.2,0.21490070
1,8.2,0.27837157
1,8.2,0.19952099
1,8.2,0.17942199
1,8.2,0.26093116
1,8.2,0.26509914
1,8.2,0.19577864
1,8.2,0.30300498
1,8.2,0.31719249
1,8.2,0.28983372
1,8.2,0.30501714
1,8.2,0.27631456
1,8.2,0.27152824
1,8.2,0.18896198
1,8.2,0.30510923
1,8.2,0.22767881
1,8.2,0.19921739
1,8.2,0.30037659
1,8.2,0.17193939
1,8.2,0.17194824
1,8.2,0.23214504
1,8.2,0.18936007
1,8.2,0.32253495
1,8.2,0.28458381
1,8.2,0.18936805
1,8.2,0.16187051
1,8.2,0.21399921
1,8.2,0.24557249
1,8.2,0.21917310
1,8.2,0.25007960
1,8.2,0.26382172
1,8.2,0.24946678
1,8.2,0.15269183
1,8.2,0.28083867
1,8.2,0.25991723
1,8.2,0.28002861
1,8.2,0.24228224
1,8.2,0.27527505
1,8.2,0.14517051
1,8.2,0.29027852
1,8.2,0.27917859
1,8.2,0.25266615
1,8.2,0.16854347
1,8.2,0.27406535
1,8.2,0.15336053
1,8.2,0.24066369
1,8.2,0.24303038
1,8.2,0.26748171
1,8.2,0.26686963
1,8.2,0.20869061
1,8.2,0.29542869
1,8.2,0.22308378
1,8.3,0.22404000
1,8.3,0.19143097
1,8.3,0.20638569
1,8.3,0.19452932
1,8.3,0.21041936
1,8.3,0.21076547
1,8.3,0.22144513
1,8.3,0.24152230
1,8.3,0.19273742
1,8.3,0.21226002
1,8.3,0.26549664
1,8.3,0.19927201
1,8.3,0.18705885
1,8.3,0.26969671
1,8.3,0.24744956
1,8.3,0.17320114
1,8.3,0.22615661
1,8.3,0.32170668
1,8.3,0.14857008
1,8.3,0.21818075
1,8.3,0.23130776
1,8.3,0.22035286
1,8.3,0.15880527
1,8.3,0.20500757
1,8.3,0.18384720
1,8.3,0.20018196
1,8.3,0.19250144
1,8.3,0.19909999
1,8.3,0.29184800
1,8.3,0.21167557
1,8.3,0.17874192
1,8.3,0.17523599
1,8.3,0.34524435
1,8.3,0.19636674
1,8.3,0.19361161
1,8.3,0.29524127
1,8.3,0.31282493
1,8.3,0.29453844
1,8.3,0.22345144
1,8.3,0.22559077
1,8.3,0.19598499
1,8.3,0.19776297
1,8.3,0.27652773
1,8.3,0.21678452
1,8.3,0.18819398
1,8.3,0.18909346
1,8.3,0.22770800
1,8.3,0.14880751
1,8.3,0.26261637
1,8.3,0.25870708
1,8.3,0.17368205
1,8.3,0.21516554
1,8.3,0.37014204
1,8.3,0.20438904
1,8.3,0.31039777
1,8.3,0.22302380
1,8.3,0.27593732
1,8.3,0.21154800
1,8.3,0.19657287
1,8.3,0.20276029
1,8.3,0.12432393
1,8.3,0.24455856
1,8.3,0.37076831
1,8.3,0.18098347
1,8.3,0.13245150
1,8.3,0.19003648
1,8.3,0.21325524
1,8.3,0.16836926
1,8.4,0.30577102
1,8.4,0.16411425
1,8.4,0.26475763
1,8.4,0.15837574
1,8.4,0.23394455
1,8.4,0.28017482
1,8.4,0.22519256
1,8.4,0.23624519
1,8.4,0.19672273
1,8.4,0.24981251
1,8.4,0.14958729
1,8.4,0.31710887
1,8.4,0.25802940
1,8.4,0.18728930
1,8.4,0.30314624
1,8.4,0.18964560
1,8.4,0.19380082
1,8.4,0.19035861
1,8.4,0.18646032
1,8.4,0.19740726
1,8.4,0.22618592
1,8.4,0.29187119
1,8.4,0.27164084
1,8.4,0.32857251
1,8.4,0.21315217
1,8.4,0.15186021
1,8.4,0.19558772
1,8.4,0.21435457
1,8.4,0.20925327
1,8.4,0.21872599
1,8.4,0.30567214
1,8.4,0.30662695
1,8.4,0.28796154
1,8.4,0.23192167
1,8.4,0.20759559
1,8.4,0.21327890
1,8.4,0.18432562
1,8.4,0.11778115
1,8.4,0.37664592
1,8.4,0.26417509
1,8.4,0.20345291
1,8.4,0.15305583
1,8.4,0.16753139
1,8.4,0.26370445
1,8.4,0.26682445
1,8.4,0.22818220
1,8.4,0.19940421
1,8.4,0.14061809
1,8.4,0.22109073
1,8.4,0.24272422
1,8.4,0.17240413
1,8.4,0.29212025
1,8.4,0.18432021
1,8.4,0.22850464
1,8.4,0.19273408
1,8.4,0.20919600
1,8.4,0.21680446
1,8.4,0.19229779
1,8.4,0.22981815
1,8.4,0.25666931
1,8.4,0.25006869
1,8.4,0.20157671
1,8.4,0.17926422
1,8.4,0.26824167
1,8.4,0.27633804
1,8.4,0.20428547
1,8.4,0.24328218
1,8.4,0.24111548
1,8.4,0.16025855
1,8.5,0.26736045
1,8.5,0.17939906
1,8.5,0.23828973
1,8.5,0.19440578
1,8.5,0.20830253
1,8.5,0.24066642
1,8.5,0.26084861
1,8.5,0.20114182
1,8.5,0.26864988
1,8.5,0.18136364
1,8.5,0.22202550
1,8.5,0.21274881
1,8.5,0.21124485
1,8.5,0.15620123
1,8.5,0.25820783
1,8.5,0.17094328
1,8.5,0.34184182
1,8.5,0.24602886
1,8.5,0.23708680
1,8.5,0.22325569
1,8.5,0.24194524
1,8.5,0.21144664
1,8.5,0.22502108
1,8.5,0.22011545
1,8.5,0.32359493
1,8.5,0.26008213
1,8.5,0.22580652
1,8.5,0.19293690
1,8.5,0.20497605
1,8.5,0.26159778
1,8.5,0.24962622
1,8.5,0.16449822
1,8.5,0.17778793
1,8.5,0.26431873
1,8.5,0.26302227
1,8.5,0.22074677
1,8.5,0.19608836
1,8.5,0.27997223
1,8.5,0.26169324
1,8.5,0.27733010
1,8.5,0.24264786
1,8.5,0.17817125
1,8.5,0.22325850
1,8.5,0.18979692
1,8.5,0.20493202
1,8.5,0.23050220
1,8.5,0.16045454
1,8.5,0.18798548
1,8.5,0.23312679
1,8.5,0.23304172
1,8.5,0.20996034
1,8.5,0.28640226
1,8.5,0.26809728
1,8.5,0.19965182
1,8.5,0.17196296
1,8.5,0.27211550
1,8.5,0.29364219
1,8.5,0.17806807
1,8.5,0.22853631
1,8.5,0.22684592
1,8.5,0.24621211
1,8.5,0.26202995
1,8.5,0.21937765
1,8.5,0.22559084
1,8.5,0.24924739
1,8.5,0.20515354
1,8.5,0.16272466
1,8.5,0.17038022
1,8.5,0.26532495
1,8.6,0.23370247
1,8.6,0.21096972
1,8.6,0.24570471
1,8.6,0.22422081
1,8.6,0.14427420
1,8.6,0.16000813
1,8.6,0.23786081
1,8.6,0.17527726
1,8.6,0.21863478
1,8.6,0.25099960
1,8.6,0.30474272
1,8.6,0.26495552
1,8.6,0.30687919
1,8.6,0.23010579
1,8.6,0.32926762
1,8.6,0.19203959
1,8.6,0.26669151
1,8.6,0.18966913
1,8.6,0.15469490
1,8.6,0.19103625
1,8.6,0.23794369
1,8.6,0.24303630
1,8.6,0.26250762
1,8.6,0.28180993
1,8.6,0.41801989
1,8.6,0.24443077
1,8.6,0.35364738
1,8.6,0.19762009
1,8.6,0.22172864
1,8.6,0.23268558
1,8.6,0.25920177
1,8.6,0.34691083
1,8.6,0.29043603
1,8.6,0.20951389
1,8.6,0.23495752
1,8.6,0.19296388
1,8.6,0.28995588
1,8.6,0.25672215
1,8.6,0.18121877
1,8.6,0.21540000
1,8.6,0.18982682
1,8.6,0.26014888
1,8.6,0.19415534
1,8.6,0.23541576
1,8.6,0.20047019
1,8.6,0.23392272
1,8.6,0.29360086
1,8.6,0.18125172
1,8.6,0.17604068
1,8.6,0.25385252
1,8.6,0.26193878
1,8.6,0.25025260
1,8.6,0.16873603
1,8.6,0.20069893
1,8.6,0.20841129
1,8.6,0.18982631
1,8.6,0.17689329
1,8.6,0.20961283
1,8.6,0.18978244
1,8.6,0.16667220
1,8.6,0.24176423
1,8.6,0.20231737
1,8.6,0.19207096
1,8.6,0.21961005
1,8.6,0.28042147
1,8.6,0.23951252
1,8.6,0.33378991
1,8.6,0.27564591
1,8.6,0.20154104
1,8.7,0.25075641
1,8.7,0.15390918
1,8.7,0.27654910
1,8.7,0.19193229
1,8.7,0.12490298
1,8.7,0.15761679
1,8.7,0.20004275
1,8.7,0.33736068
1,8.7,0.17908326
1,8.7,0.19248556
1,8.7,0.16252133
1,8.7,0.22186689
1,8.7,0.20564649
1,8.7,0.23826955
1,8.7,0.15871814
1,8.7,0.24809659
1,8.7,0.22654346
1,8.7,0.19892830
1,8.7,0.25432307
1,8.7,0.22992955
1,8.7,0.18108785
1,8.7,0.32467514
1,8.7,0.23633194
1,8.7,0.27826416
1,8.7,0.19134679
1,8.7,0.22085628
1,8.7,0.21111192
1,8.7,0.27254915
1,8.7,0.18568049
1,8.7,0.17679724
1,8.7,0.30076742
1,8.7,0.16747500
1,8.7,0.17878400
1,8.7,0.18250327
1,8.7,0.29443765
1,8.7,0.29500902
1,8.7,0.18772860
1,8.7,0.15883219
1,8.7,0.30331179
1,8.7,0.27114484
1,8.7,0.22517325
1,8.7,0.23187409
1,8.7,0.23890468
1,8.7,0.19515434
1,8.7,0.20231813
1,8.7,0.28133792
1,8.7,0.25376859
1,8.7,0.29633310
1,8.7,0.14001726
1,8.7,0.24659544
1,8.7,0.20693085
1,8.7,0.17659141
1,8.7,0.18994068
1,8.7,0.19519210
1,8.7,0.22636497
1,8.7,0.15065362
1,8.7,0.25362822
1,8.7,0.27681446
1,8.7,0.26800942
1,8.7,0.13528931
1,8.7,0.24919626
1,8.7,0.18235096
1,8.7,0.29141286
1,8.7,0.24080977
1,8.7,0.18196946
1,8.7,0.16219753
1,8.7,0.27242413
1,8.7,0.19750361
1,8.7,0.26557109
1,8.8,0.22128008
1,8.8,0.24230886
1,8.8,0.18042789
1,8.8,0.27558851
1,8.8,0.25336799
1,8.8,0.23290616
1,8.8,0.26995954
1,8.8,0.22479250
1,8.8,0.23598404
1,8.8,0.25843316
1,8.8,0.30138117
1,8.8,0.20138724
1,8.8,0.27146706
1,8.8,0.20834692
1,8.8,0.29754812
1,8.8,0.24146974
1,8.8,0.23279618
1,8.8,0.21734780
1,8.8,0.28832266
1,8.8,0.20902139
1,8.8,0.21812667
1,8.8,0.31872833
1,8.8,0.23240553
1,8.8,0.23938860
1,8.8,0.23840098
1,8.8,0.20281632
1,8.8,0.18502750
1,8.8,0.19082066
1,8.8,0.14008865
1,8.8,0.33923095
1,8.8,0.27355769
1,8.8,0.21673110
1,8.8,0.18818636
1,8.8,0.16557498
1,8.8,0.18463562
1,8.8,0.32334390
1,8.8,0.25364330
1,8.8,0.17138812
1,8.8,0.28071812
1,8.8,0.21319376
1,8.8,0.21736169
1,8.8,0.16525057
1,8.8,0.20278598
1,8.8,0.29490867
1,8.8,0.19511683
1,8.8,0.18118039
1,8.8,0.20072637
1,8.8,0.26375327
1,8.8,0.30019736
1,8.8,0.23140150
1,8.8,0.18128763
1,8.8,0.26232237
1,8.8,0.22685355
1,8.8,0.24532636
1,8.8,0.17434527
1,8.8,0.17960502
1,8.8,0.14024884
1,8.8,0.21233833
1,8.8,0.14319761
1,8.8,0.22627391
1,8.8,0.23923385
1,8.8,0.15526195
1,8.8,0.28071663
1,8.8,0.16519295
1,8.8,0.23824947
1,8.8,0.15796775
1,8.8,0.18804064
1,8.8,0.21345684
1,8.9,0.22759058
1,8.9,0.13143033
1,8.9,0.15407494
1,8.9,0.14510755
1,8.9,0.22014166
1,8.9,0.17837481
1,8.9,0.19053641
1,8.9,0.16514397
1,8.9,0.29889476
1,8.9,0.24607359
1,8.9,0.24631678
1,8.9,0.13128386
1,8.9,0.22102745
1,8.9,0.22083119
1,8.9,0.19111401
1,8.9,0.18385080
1,8.9,0.25242972
1,8.9,0.21354954
1,8.9,0.24370885
1,8.9,0.27297601
1,8.9,0.25856775
1,8.9,0.17305751
1,8.9,0.18067330
1,8.9,0.17994539
1,8.9,0.11096121
1,8.9,0.19078834
1,8.9,0.20081905
1,8.9,0.29720703
1,8.9,0.24474180
1,8.9,0.23579207
1,8.9,0.18774912
1,8.9,0.26167637
1,8.9,0.16256063
1,8.9,0.22247618
1,8.9,0.19402030
1,8.9,0.22539043
1,8.9,0.20896389
1,8.9,0.19252147
1,8.9,0.19054909
1,8.9,0.19264095
1,8.9,0.23749350
1,8.9,0.26554620
1,8.9,0.41411775
1,8.9,0.23764174
1,8.9,0.15899320
1,8.9,0.21508867
1,8.9,0.21266802
1,8.9,0.21366143
1,8.9,0.20658039
1,8.9,0.20792636
1,8.9,0.25011033
1,8.9,0.20175821
1,8.9,0.18856332
1,8.9,0.21219984
1,8.9,0.22425082
1,8.9,0.26515964
1,8.9,0.21508715
1,8.9,0.23303814
1,8.9,0.29991809
1,8.9,0.20100431
1,8.9,0.22491761
1,8.9,0.18813406
1,8.9,0.20698725
1,8.9,0.19282210
1,8.9,0.25855514
1,8.9,0.19752480
1,8.9,0.16960056
1,8.9,0.31375119
1,8.9,0.34068164
1,9.0,0.22114268
1,9.0,0.18900506
1,9.0,0.17163669
1,9.0,0.20525098
1,9.0,0.20999600
1,9.0,0.28313863
1,9.0,0.23002580
1,9.0,0.33328113
1,9.0,0.20496760
1,9.0,0.22274274
1,9.0,0.23264728
1,9.0,0.26021001
1,9.0,0.19253787
1,9.0,0.26613897
1,9.0,0.27749199
1,9.0,0.15876059
1,9.0,0.16875981
1,9.0,0.24518199
1,9.0,0.18153268
1,9.0,0.18752448
1,9.0,0.17423941
1,9.0,0.18272084
1,9.0,0.25864488
1,9.0,0.23834732
1,9.0,0.20488958
1,9.0,0.26146948
1,9.0,0.20376983
1,9.0,0.23591116
1,9.0,0.22633135
1,9.0,0.24329068
1,9.0,0.15970887
1,9.0,0.22764608
1,9.0,0.23593350
1,9.0,0.18216600
1,9.0,0.26794735
1,9.0,0.28480199
1,9.0,0.19744007
1,9.0,0.12560205
1,9.0,0.19565654
1,9.0,0.15695605
1,9.0,0.30331162
1,9.0,0.28380129
1,9.0,0.20529784
1,9.0,0.23900570
1,9.0,0.21815541
1,9.0,0.16483115
1,9.0,0.16052315
1,9.0,0.21968089
1,9.0,0.31373981
1,9.0,0.34408656
1,9.0,0.19211616
1,9.0,0.28316110
1,9.0,0.18029293
1,9.0,0.23443934
1,9.0,0.28461036
1,9.0,0.22537124
1,9.0,0.29351676
1,9.0,0.16685420
1,9.0,0.19590364
1,9.0,0.20521590
1,9.0,0.21569851
1,9.0,0.17526108
1,9.0,0.16715021
1,9.0,0.26554865
1,9.0,0.22938213
1,9.0,0.19587508
1,9.0,0.23021960
1,9.0,0.19827329
1,9.0,0.24501285
1,9.1,0.31184539
1,9.1,0.19601013
1,9.1,0.22832145
1,9.1,0.30046070
1,9.1,0.24253039
1,9.1,0.17930381
1,9.1,0.20518923
1,9.1,0.20994814
1,9.1,0.23892663
1,9.1,0.23304540
1,9.1,0.30782068
1,9.1,0.15078285
1,9.1,0.20632407
1,9.1,0.26680392
1,9.1,0.15618959
1,9.1,0.15359463
1,9.1,0.28287622
1,9.1,0.21672902
1,9.1,0.22968359
1,9.1,0.16287932
1,9.1,0.17220446
1,9.1,0.23272780
1,9.1,0.22250035
1,9.1,0.23105818
1,9.1,0.25932786
1,9.1,0.27250594
1,9.1,0.24657770
1,9.1,0.14370881
1,9.1,0.23127322
1,9.1,0.35687825
1,9.1,0.28549945
1,9.1,0.23548172
1,9.1,0.23390168
1,9.1,0.21605660
1,9.1,0.17723328
1,9.1,0.15882236
1,9.1,0.18629703
1,9.1,0.22707151
1,9.1,0.24559103
1,9.1,0.16027218
1,9.1,0.19198905
1,9.1,0.13793875
1,9.1,0.25073484
1,9.1,0.19302073
1,9.1,0.19439207
1,9.1,0.13699952
1,9.1,0.20955414
1,9.1,0.22804490
1,9.1,0.23108807
1,9.1,0.19079475
1,9.1,0.20124683
1,9.1,0.20644833
1,9.1,0.29745576
1,9.1,0.16181538
1,9.1,0.20111258
1,9.1,0.23655233
1,9.1,0.19360419
1,9.1,0.17255521
1,9.1,0.27286154
1,9.1,0.13181630
1,9.1,0.12583949
1,9.1,0.28475797
1,9.1,0.29628235
1,9.1,0.23087624
1,9.1,0.15663871
1,9.1,0.24809389
1,9.1,0.34744978
1,9.1,0.24331808
1,9.1,0.28901282
1,9.2,0.28773350
1,9.2,0.27831110
1,9.2,0.19680412
1,9.2,0.20887831
1,9.2,0.22653253
1,9.2,0.19731390
1,9.2,0.25044990
1,9.2,0.29069096
1,9.2,0.26235422
1,9.2,0.24299531
1,9.2,0.20774525
1,9.2,0.18780626
1,9.2,0.13095520
1,9.2,0.23222801
1,9.2,0.30642107
1,9.2,0.23063684
1,9.2,0.18013923
1,9.2,0.32556224
1,9.2,0.21784724
1,9.2,0.22804213
1,9.2,0.28070742
1,9.2,0.23260985
1,9.2,0.23509428
1,9.2,0.17861649
1,9.2,0.18713436
1,9.2,0.20079453
1,9.2,0.20118561
1,9.2,0.20814535
1,9.2,0.22756949
1,9.2,0.21318024
1,9.2,0.21232446
1,9.2,0.23676991
1,9.2,0.21161518
1,9.2,0.22552562
1,9.2,0.25957134
1,9.2,0.22117865
1,9.2,0.19473280
1,9.2,0.14760914
1,9.2,0.15188611
1,9.2,0.21368545
1,9.2,0.24532516
1,9.2,0.15810829
1,9.2,0.14631172
1,9.2,0.24247946
1,9.2,0.18175821
1,9.2,0.22690478
1,9.2,0.23838496
1,9.2,0.18561964
1,9.2,0.21263035
1,9.2,0.13898170
1,9.2,0.21562202
1,9.2,0.24565427
1,9.2,0.19929121
1,9.2,0.21999079
1,9.2,0.16939710
1,9.2,0.15557328
1,9.2,0.24278778
1,9.2,0.27892512
1,9.2,0.26525971
1,9.2,0.20731293
1,9.2,0.16406897
1,9.2,0.26627320
1,9.2,0.20898314
1,9.2,0.19656801
1,9.2,0.22288348
1,9.2,0.18212712
1,9.2,0.18985893
1,9.2,0.15891203
1,9.3,0.18963926
1,9.3,0.22768907
1,9.3,0.18722460
1,9.3,0.23546469
1,9.3,0.25192511
1,9.3,0.26331016
1,9.3,0.20446639
1,9.3,0.24594998
1,9.3,0.21507265
1,9.3,0.20256957
1,9.3,0.20128554
1,9.3,0.27071115
1,9.3,0.27382979
1,9.3,0.23288310
1,9.3,0.13236591
1,9.3,0.22042109
1,9.3,0.29916489
1,9.3,0.20915356
1,9.3,0.22136155
1,9.3,0.20165989
1,9.3,0.36341292
1,9.3,0.20031233
1,9.3,0.14518853
1,9.3,0.24123773
1,9.3,0.26896900
1,9.3,0.22318977
1,9.3,0.22965586
1,9.3,0.22992198
1,9.3,0.20059742
1,9.3,0.23749070
1,9.3,0.26332051
1,9.3,0.19931918
1,9.3,0.30206051
1,9.3,0.17242996
1,9.3,0.22209761
1,9.3,0.21158125
1,9.3,0.21668318
1,9.3,0.20969200
1,9.3,0.26504821
1,9.3,0.21642207
1,9.3,0.23244910
1,9.3,0.27342287
1,9.3,0.21952318
1,9.3,0.20273183
1,9.3,0.24123774
1,9.3,0.26317888
1,9.3,0.18795659
1,9.3,0.17062595
1,9.3,0.21559282
1,9.3,0.24364333
1,9.3,0.27454239
1,9.3,0.21696924
1,9.3,0.26436877
1,9.3,0.26687798
1,9.3,0.21974529
1,9.3,0.29110831
1,9.3,0.24378265
1,9.3,0.28059480
1,9.3,0.27713579
1,9.3,0.25609306
1,9.3,0.31048110
1,9.3,0.27101117
1,9.3,0.24743716
1,9.3,0.23546940
1,9.3,0.24995869
1,9.3,0.22896813
1,9.3,0.37817141
1,9.3,0.19074337
1,9.3,0.22182311
1,9.4,0.19465470
1,9.4,0.14949253
1,9.4,0.15205953
1,9.4,0.20624287
1,9.4,0.25894928
1,9.4,0.08966202
1,9.4,0.23449013
1,9.4,0.18542227
1,9.4,0.12350862
1,9.4,0.14187226
1,9.4,0.24179079
1,9.4,0.27131930
1,9.4,0.22492589
1,9.4,0.28377479
1,9.4,0.25422424
1,9.4,0.22716868
1,9.4,0.17604114
1,9.4,0.18872681
1,9.4,0.29876229
1,9.4,0.26593915
1,9.4,0.26220816
1,9.4,0.23130149
1,9.4,0.15866397
1,9.4,0.19449054
1,9.4,0.24025589
1,9.4,0.21023518
1,9.4,0.21397856
1,9.4,0.19007111
1,9.4,0.16675885
1,9.4,0.22058888
1,9.4,0.24474600
1,9.4,0.15846552
1,9.4,0.25273529
1,9.4,0.22179557
1,9.4,0.20218472
1,9.4,0.24225342
1,9.4,0.24672224
1,9.4,0.24378631
1,9.4,0.23773816
1,9.4,0.22360162
1,9.4,0.20400791
1,9.4,0.21919562
1,9.4,0.24378292
1,9.4,0.16895823
1,9.4,0.20379399
1,9.4,0.21092436
1,9.4,0.22434884
1,9.4,0.21116215
1,9.4,0.19581048
1,9.4,0.12705067
1,9.4,0.18272597
1,9.4,0.22556897
1,9.4,0.19616142
1,9.4,0.31765053
1,9.4,0.19366930
1,9.4,0.30322200
1,9.4,0.19879121
1,9.4,0.17538188
1,9.4,0.20339032
1,9.4,0.22617023
1,9.4,0.23736909
1,9.4,0.27670443
1,9.4,0.15066920
1,9.4,0.22021924
1,9.4,0.24030784
1,9.4,0.30339092
1,9.4,0.26432410
1,9.4,0.27400026
1,9.4,0.23736240
1,9.5,0.27059969
1,9.5,0.23628488
1,9.5,0.20833130
1,9.5,0.23278013
1,9.5,0.24022374
1,9.5,0.24734883
1,9.5,0.24280065
1,9.5,0.18246411
1,9.5,0.18313803
1,9.5,0.17873266
1,9.5,0.22550006
1,9.5,0.18382935
1,9.5,0.20155062
1,9.5,0.16307490
1,9.5,0.25567776
1,9.5,0.20153370
1,9.5,0.27306810
1,9.5,0.28281251
1,9.5,0.20417286
1,9.5,0.14383705
1,9.5,0.19157769
1,9.5,0.20859426
1,9.5,0.26155081
1,9.5,0.17972106
1,9.5,0.30744508
1,9.5,0.36903214
1,9.5,0.27542767
1,9.5,0.21862099
1,9.5,0.19961347
1,9.5,0.21982583
1,9.5,0.21039720
1,9.5,0.29214448
1,9.5,0.24333620
1,9.5,0.17643382
1,9.5,0.21671525
1,9.5,0.20143004
1,9.5,0.26803359
1,9.5,0.16172633
1,9.5,0.21006845
1,9.5,0.18040010
1,9.5,0.26574820
1,9.5,0.25433233
1,9.5,0.24730217
1,9.5,0.22943722
1,9.5,0.20041513
1,9.5,0.17910166
1,9.5,0.20809068
1,9.5,0.28118381
1,9.5,0.28025660
1,9.5,0.16374560
1,9.5,0.14441717
1,9.5,0.21761508
1,9.5,0.20947391
1,9.5,0.18935004
1,9.5,0.18991053
1,9.5,0.14912936
1,9.5,0.21564837
1,9.5,0.14732090
1,9.5,0.18227208
1,9.5,0.16486993
1,9.5,0.24057285
1,9.5,0.22223452
1,9.5,0.33093455
1,9.5,0.27123642
1,9.5,0.28120977
1,9.5,0.23683526
1,9.5,0.23713294
1,9.5,0.28890434
1,9.5,0.18664101
1,9.6,0.17478925
1,9.6,0.25029898
1,9.6,0.20372351
1,9.6,0.26326969
1,9.6,0.20354047
1,9.6,0.18459241
1,9.6,0.24193208
1,9.6,0.18190689
1,9.6,0.23058328
1,9.6,0.19089082
1,9.6,0.14376897
1,9.6,0.17343676
1,9.6,0.15739116
1,9.6,0.26200122
1,9.6,0.20789947
1,9.6,0.19557680
1,9.6,0.17844494
1,9.6,0.25464055
1,9.6,0.22544652
1,9.6,0.29662660
1,9.6,0.22708531
1,9.6,0.23800063
1,9.6,0.25658920
1,9.6,0.11360966
1,9.6,0.18445511
1,9.6,0.16013512
1,9.6,0.21201630
1,9.6,0.18956120
1,9.6,0.25500631
1,9.6,0.23233116
1,9.6,0.21237962
1,9.6,0.30046549
1,9.6,0.26160368
1,9.6,0.23002747
1,9.6,0.17611216
1,9.6,0.18884657
1,9.6,0.23613709
1,9.6,0.20575333
1,9.6,0.25213066
1,9.6,0.22760774
1,9.6,0.28056163
1,9.6,0.22922632
1,9.6,0.24760063
1,9.6,0.27118337
1,9.6,0.19847301
1,9.6,0.16547650
1,9.6,0.19669425
1,9.6,0.18347438
1,9.6,0.23734657
1,9.6,0.20127323
1,9.6,0.16045299
1,9.6,0.20227776
1,9.6,0.23421748
1,9.6,0.20519537
1,9.6,0.21988422
1,9.6,0.22927043
1,9.6,0.23132004
1,9.6,0.27591959
1,9.6,0.25717476
1,9.6,0.27638429
1,9.6,0.24013472
1,9.6,0.17658928
1,9.6,0.23782566
1,9.6,0.22889908
1,9.6,0.27033991
1,9.6,0.18912044
1,9.6,0.20264721
1,9.6,0.24062687
1,9.6,0.27641284
1,9.7,0.20604192
1,9.7,0.12794064
1,9.7,0.22143210
1,9.7,0.25234663
1,9.7,0.19496399
1,9.7,0.20694147
1,9.7,0.30359718
1,9.7,0.18808755
1,9.7,0.23410644
1,9.7,0.23049727
1,9.7,0.14950937
1,9.7,0.18826161
1,9.7,0.18438040
1,9.7,0.23180452
1,9.7,0.33893478
1,9.7,0.21512911
1,9.7,0.25284079
1,9.7,0.27951193
1,9.7,0.17591754
1,9.7,0.19655332
1,9.7,0.23238203
1,9.7,0.25971484
1,9.7,0.22894230
1,9.7,0.18570399
1,9.7,0.25287309
1,9.7,0.29588675
1,9.7,0.19866471
1,9.7,0.28415367
1,9.7,0.27978525
1,9.7,0.23548950
1,9.7,0.20337053
1,9.7,0.24645381
1,9.7,0.24808322
1,9.7,0.22591324
1,9.7,0.17650814
1,9.7,0.30831751
1,9.7,0.20314223
1,9.7,0.23781832
1,9.7,0.24897031
1,9.7,0.18355115
1,9.7,0.17426170
1,9.7,0.19899972
1,9.7,0.25188321
1,9.7,0.21301231
1,9.7,0.26842344
1,9.7,0.16100757
1,9.7,0.29448050
1,9.7,0.19024411
1,9.7,0.12086578
1,9.7,0.24839984
1,9.7,0.27549449
1,9.7,0.22657242
1,9.7,0.17627028
1,9.7,0.17595637
1,9.7,0.15944575
1,9.7,0.26054570
1,9.7,0.11697667
1,9.7,0.23340030
1,9.7,0.29936400
1,9.7,0.32394969
1,9.7,0.23826668
1,9.7,0.15278444
1,9.7,0.20850451
1,9.7,0.18130387
1,9.7,0.16941276
1,9.7,0.26661023
1,9.7,0.31912699
1,9.7,0.18487749
1,9.8,0.36044696
1,9.8,0.21806887
1,9.8,0.17606516
1,9.8,0.22321668
1,9.8,0.20880213
1,9.8,0.24512862
1,9.8,0.31765822
1,9.8,0.22122237
1,9.8,0.32775900
1,9.8,0.19869848
1,9.8,0.22091313
1,9.8,0.25677267
1,9.8,0.14948812
1,9.8,0.25902170
1,9.8,0.22388208
1,9.8,0.15558296
1,9.8,0.28898200
1,9.8,0.21790057
1,9.8,0.33365992
1,9.8,0.20437272
1,9.8,0.19460890
1,9.8,0.20832133
1,9.8,0.21902508
1,9.8,0.24994068
1,9.8,0.19935067
1,9.8,0.20911229
1,9.8,0.24089305
1,9.8,0.23262139
1,9.8,0.25075030
1,9.8,0.27599064
1,9.8,0.15460154
1,9.8,0.22642231
1,9.8,0.19148818
1,9.8,0.19678713
1,9.8,0.20405982
1,9.8,0.26412553
1,9.8,0.35201222
1,9.8,0.24372540
1,9.8,0.20497242
1,9.8,0.24271144
1,9.8,0.17687273
1,9.8,0.25470823
1,9.8,0.20864041
1,9.8,0.24950080
1,9.8,0.28802827
1,9.8,0.28988284
1,9.8,0.21268612
1,9.8,0.11914784
1,9.8,0.25811085
1,9.8,0.19611758
1,9.8,0.19917232
1,9.8,0.24599767
1,9.8,0.29591051
1,9.8,0.16427559
1,9.8,0.21690881
1,9.8,0.25694117
1,9.8,0.21452396
1,9.8,0.15758106
1,9.8,0.31458813
1,9.8,0.17189592
1,9.8,0.24977858
1,9.8,0.25695178
1,9.8,0.26241270
1,9.8,0.25425813
1,9.8,0.26223689
1,9.8,0.18348062
1,9.8,0.18015580
1,9.8,0.22368346
1,9.8,0.15102310
1,9.9,0.20012373
1,9.9,0.13074629
1,9.9,0.26657435
1,9.9,0.18204416
1,9.9,0.23908891
1,9.9,0.39191738
1,9.9,0.17377856
1,9.9,0.20827001
1,9.9,0.24710374
1,9.9,0.25945207
1,9.9,0.18390690
1,9.9,0.16634771
1,9.9,0.20684844
1,9.9,0.30511308
1,9.9,0.26677400
1,9.9,0.17794743
1,9.9,0.24772070
1,9.9,0.15680557
1,9.9,0.26451394
1,9.9,0.16893588
1,9.9,0.25139558
1,9.9,0.20919853
1,9.9,0.25356328
1,9.9,0.22148342
1,9.9,0.20903188
1,9.9,0.27222851
1,9.9,0.20686419
1,9.9,0.28837326
1,9.9,0.20480174
1,9.9,0.31361225
1,9.9,0.18396243
1,9.9,0.16969690
1,9.9,0.15468527
1,9.9,0.21847983
1,9.9,0.30362171
1,9.9,0.16940612
1,9.9,0.18508790
1,9.9,0.15043621
1,9.9,0.25000766
1,9.9,0.28647619
1,9.9,0.18010536
1,9.9,0.20722596
1,9.9,0.19642165
1,9.9,0.16107486
1,9.9,0.12765488
1,9.9,0.22751275
1,9.9,0.43600562
1,9.9,0.19737953
1,9.9,0.16848509
1,9.9,0.22442029
1,9.9,0.17161630
1,9.9,0.18876362
1,9.9,0.16952319
1,9.9,0.31452906
1,9.9,0.28865895
1,9.9,0.17761327
1,9.9,0.29836416
1,9.9,0.18221582
1,9.9,0.16289783
1,9.9,0.17485905
1,9.9,0.27990019
1,9.9,0.27714220
1,9.9,0.14384994
1,9.9,0.21591482
1,9.9,0.14308462
1,9.9,0.16074683
1,9.9,0.19286940
1,9.9,0.20078787
1,9.9,0.20697077
1,10.0,0.18382615
1,10.0,0.20640160
1,10.0,0.25444177
1,10.0,0.31317917
1,10.0,0.22296607
1,10.0,0.20474257
1,10.0,0.23365118
1,10.0,0.17628121
1,10.0,0.20397253
1,10.0,0.16922449
1,10.0,0.22257999
1,10.0,0.22288626
1,10.0,0.14722110
1,10.0,0.14615840
1,10.0,0.37573904
1,10.0,0.27328062
1,10.0,0.25779262
1,10.0,0.13628715
1,10.0,0.23251104
1,10.0,0.20797929
1,10.0,0.27042747
1,10.0,0.12891145
1,10.0,0.22402534
1,10.0,0.21326055
1,10.0,0.17078899
1,10.0,0.18964390
1,10.0,0.18338914
1,10.0,0.23167644
1,10.0,0.22369644
1,10.0,0.23480561
1,10.0,0.18915877
1,10.0,0.23219550
1,10.0,0.25381947
1,10.0,0.15770289
1,10.0,0.23760837
1,10.0,0.16308671
1,10.0,0.16327974
1,10.0,0.22410595
1,10.0,0.16733827
1,10.0,0.26642781
1,10.0,0.18451816
1,10.0,0.22654462
1,10.0,0.20953836
1,10.0,0.20682061
1,10.0,0.19156662
1,10.0,0.21493378
1,10.0,0.20340508
1,10.0,0.16329466
1,10.0,0.18178186
1,10.0,0.23719545
1,10.0,0.16407870
1,10.0,0.19279797
1,10.0,0.30174771
1,10.0,0.20334162
1,10.0,0.17367935
1,10.0,0.25297102
1,10.0,0.25782722
1,10.0,0.32248089
1,10.0,0.17634253
1,10.0,0.23214541
1,10.0,0.28248942
1,10.0,0.22631039
1,10.0,0.14862046
1,10.0,0.26998726
1,10.0,0.17720367
1,10.0,0.19521956
1,10.0,0.17391180
1,10.0,0.26315507
1,10.0,0.22885174
1,10.1,0.23481300
1,10.1,0.22720432
1,10.1,0.29725486
1,10.1,0.16561909
1,10.1,0.13242838
1,10.1,0.23279685
1,10.1,0.30206671
1,10.1,0.20929728
1,10.1,0.15567262
1,10.1,0.19568592
1,10.1,0.23314157
1,10.1,0.19938374
1,10.1,0.25891194
1,10.1,0.18147016
1,10.1,0.15934868
1,10.1,0.12925583
1,10.1,0.25336146
1,10.1,0.24235699
1,10.1,0.26702142
1,10.1,0.17841835
1,10.1,0.24506581
1,10.1,0.22295718
1,10.1,0.21434899
1,10.1,0.11919572
1,10.1,0.26605493
1,10.1,0.21756689
1,10.1,0.17674649
1,10.1,0.19585486
1,10.1,0.36860913
1,10.1,0.22949035
1,10.1,0.26617506
1,10.1,0.16325727
1,10.1,0.26064470
1,10.1,0.21651918
1,10.1,0.16240582
1,10.1,0.22342305
1,10.1,0.20159256
1,10.1,0.16740197
1,10.1,0.22807576
1,10.1,0.16954046
1,10.1,0.17756781
1,10.1,0.17114158
1,10.1,0.16486584
1,10.1,0.34424102
1,10.1,0.22515933
1,10.1,0.31015205
1,10.1,0.22859125
1,10.1,0.24151453
1,10.1,0.21978407
1,10.1,0.18754691
1,10.1,0.16355696
1,10.1,0.23721488
1,10.1,0.22182241
1,10.1,0.23346305
1,10.1,0.23043959
1,10.1,0.18979508
1,10.1,0.25862178
1,10.1,0.21897174
1,10.1,0.29275391
1,10.1,0.22669026
1,10.1,0.25193405
1,10.1,0.25949401
1,10.1,0.25343338
1,10.1,0.26569405
1,10.1,0.29525247
1,10.1,0.24689525
1,10.1,0.29899794
1,10.1,0.26393092
1,10.1,0.26609313
1,10.2,0.22734222
1,10.2,0.21317048
1,10.2,0.22127788
1,10.2,0.22796138
1,10.2,0.28221989
1,10.2,0.16403763
1,10.2,0.17017320
1,10.2,0.16079530
1,10.2,0.28892913
1,10.2,0.13921638
1,10.2,0.13799977
1,10.2,0.20850505
1,10.2,0.16931836
1,10.2,0.24574758
1,10.2,0.26653722
1,10.2,0.27820769
1,10.2,0.30629098
1,10.2,0.23422538
1,10.2,0.21956262
1,10.2,0.21242014
1,10.2,0.24835761
1,10.2,0.18523139
1,10.2,0.22043073
1,10.2,0.24218404
1,10.2,0.14770435
1,10.2,0.25452873
1,10.2,0.18117890
1,10.2,0.18373118
1,10.2,0.23101263
1,10.2,0.16908374
1,10.2,0.19987303
1,10.2,0.18318440
1,10.2,0.17550911
1,10.2,0.17137873
1,10.2,0.24876696
1,10.2,0.20124488
1,10.2,0.28585351
1,10.2,0.18491799
1,10.2,0.17680493
1,10.2,0.16200194
1,10.2,0.20069373
1,10.2,0.22703695
1,10.2,0.20649071
1,10.2,0.24574374
1,10.2,0.23018615
1,10.2,0.27917105
1,10.2,0.16778688
1,10.2,0.22580463
1,10.2,0.22054096
1,10.2,0.18045804
1,10.2,0.30688629
1,10.2,0.19381642
1,10.2,0.29896140
1,10.2,0.19100267
1,10.2,0.17903055
1,10.2,0.21810789
1,10.2,0.25699204
1,10.2,0.13217665
1,10.2,0.27639902
1,10.2,0.26026055
1,10.2,0.17319243
1,10.2,0.25065488
1,10.2,0.22665717
1,10.2,0.16062799
1,10.2,0.15170176
1,10.2,0.19449748
1,10.2,0.16265841
1,10.2,0.21496177
1,10.3,0.21741252
1,10.3,0.26266569
1,10.3,0.18987554
1,10.3,0.22106966
1,10.3,0.16052707
1,10.3,0.20600662
1,10.3,0.20512548
1,10.3,0.12183826
1,10.3,0.21821079
1,10.3,0.25284818
1,10.3,0.32042122
1,10.3,0.24306400
1,10.3,0.18060634
1,10.3,0.20634013
1,10.3,0.25380978
1,10.3,0.21409848
1,10.3,0.23124123
1,10.3,0.21930049
1,10.3,0.18883410
1,10.3,0.27867872
1,10.3,0.21396226
1,10.3,0.34704471
1,10.3,0.21690662
1,10.3,0.15607883
1,10.3,0.19417472
1,10.3,0.14028332
1,10.3,0.27503857
1,10.3,0.20939049
1,10.3,0.14675798
1,10.3,0.27681810
1,10.3,0.25343281
1,10.3,0.17095500
1,10.3,0.20906374
1,10.3,0.16852579
1,10.3,0.16475298
1,10.3,0.18201795
1,10.3,0.18730915
1,10.3,0.27027875
1,10.3,0.27013260
1,10.3,0.21956722
1,10.3,0.18033516
1,10.3,0.15316488
1,10.3,0.28703865
1,10.3,0.16890600
1,10.3,0.21980798
1,10.3,0.19170189
1,10.3,0.21770464
1,10.3,0.22267453
1,10.3,0.16368638
1,10.3,0.39012411
1,10.3,0.30145746
1,10.3,0.17935729
1,10.3,0.34008595
1,10.3,0.20994802
1,10.3,0.20087543
1,10.3,0.17387947
1,10.3,0.13607484
1,10.3,0.18384647
1,10.3,0.17683861
1,10.3,0.23554873
1,10.3,0.18167089
1,10.3,0.17588931
1,10.3,0.23397581
1,10.3,0.19826138
1,10.3,0.26680297
1,10.3,0.16274342
1,10.3,0.17556559
1,10.3,0.20530473
1,10.3,0.29896590
1,10.4,0.23341747
1,10.4,0.25858060
1,10.4,0.26953867
1,10.4,0.21304278
1,10.4,0.24536529
1,10.4,0.17907177
1,10.4,0.19715749
1,10.4,0.18231726
1,10.4,0.17998201
1,10.4,0.15047097
1,10.4,0.22182226
1,10.4,0.29629725
1,10.4,0.23583573
1,10.4,0.26117501
1,10.4,0.20581442
1,10.4,0.30608761
1,10.4,0.21252266
1,10.4,0.31295669
1,10.4,0.28067619
1,10.4,0.28922623
1,10.4,0.28463432
1,10.4,0.20561683
1,10.4,0.19353741
1,10.4,0.24921815
1,10.4,0.29148164
1,10.4,0.21233925
1,10.4,0.15579534
1,10.4,0.21894790
1,10.4,0.28131035
1,10.4,0.30562779
1,10.4,0.27411145
1,10.4,0.17964844
1,10.4,0.15690009
1,10.4,0.15758574
1,10.4,0.24019888
1,10.4,0.19645493
1,10.4,0.20159979
1,10.4,0.19625320
1,10.4,0.19541360
1,10.4,0.29151621
1,10.4,0.30183291
1,10.4,0.19208772
1,10.4,0.23000708
1,10.4,0.29054338
1,10.4,0.30031380
1,10.4,0.18958947
1,10.4,0.16679709
1,10.4,0.19759710
1,10.4,0.16245686
1,10.4,0.23780540
1,10.4,0.19559121
1,10.4,0.20695376
1,10.4,0.29713607
1,10.4,0.28842625
1,10.4,0.19889818
1,10.4,0.23309417
1,10.4,0.19970557
1,10.4,0.22773367
1,10.4,0.24593818
1,10.4,0.13095351
1,10.4,0.16191910
1,10.4,0.22637314
1,10.4,0.21489491
1,10.4,0.20916849
1,10.4,0.14424857
1,10.4,0.31524444
1,10.4,0.15177651
1,10.4,0.15277761
1,10.4,0.29080719
1,10.5,0.16832377
1,10.5,0.25176609
1,10.5,0.26718122
1,10.5,0.13563888
1,10.5,0.25113806
1,10.5,0.24393210
1,10.5,0.23521894
1,10.5,0.23017734
1,10.5,0.19538447
1,10.5,0.18580326
1,10.5,0.21680912
1,10.5,0.15364215
1,10.5,0.19645195
1,10.5,0.22418912
1,10.5,0.21444462
1,10.5,0.25894442
1,10.5,0.19151409
1,10.5,0.22542144
1,10.5,0.17584190
1,10.5,0.22594957
1,10.5,0.22195506
1,10.5,0.32044360
1,10.5,0.21128863
1,10.5,0.23108461
1,10.5,0.14875136
1,10.5,0.31058574
1,10.5,0.22847627
1,10.5,0.20746936
1,10.5,0.32446289
1,10.5,0.19036275
1,10.5,0.19063582
1,10.5,0.20276201
1,10.5,0.22384214
1,10.5,0.13091496
1,10.5,0.28734836
1,10.5,0.26257393
1,10.5,0.25311610
1,10.5,0.20637365
1,10.5,0.26229718
1,10.5,0.24600562
1,10.5,0.13470334
1,10.5,0.27562952
1,10.5,0.18124926
1,10.5,0.17404740
1,10.5,0.29838994
1,10.5,0.17232627
1,10.5,0.22092794
1,10.5,0.20922481
1,10.5,0.30525047
1,10.5,0.35641140
1,10.5,0.23584838
1,10.5,0.24172778
1,10.5,0.22549883
1,10.5,0.20075811
1,10.5,0.15154530
1,10.5,0.23542839
1,10.5,0.16424848
1,10.5,0.12641928
1,10.5,0.20216143
1,10.5,0.19852386
1,10.5,0.22119237
1,10.5,0.20300968
1,10.5,0.15619764
1,10.5,0.20891482
1,10.5,0.17552114
1,10.5,0.19411232
1,10.5,0.30979842
1,10.5,0.23924452
1,10.5,0.19444728
1,10.6,0.23342805
1,10.6,0.23037183
1,10.6,0.29789072
1,10.6,0.16225225
1,10.6,0.23314638
1,10.6,0.24423754
1,10.6,0.17481132
1,10.6,0.25150183
1,10.6,0.24199888
1,10.6,0.29323369
1,10.6,0.29568565
1,10.6,0.15923651
1,10.6,0.23076993
1,10.6,0.20673260
1,10.6,0.21557665
1,10.6,0.27919176
1,10.6,0.20193587
1,10.6,0.23110332
1,10.6,0.15900944
1,10.6,0.28400248
1,10.6,0.25013646
1,10.6,0.22470999
1,10.6,0.22287241
1,10.6,0.19137910
1,10.6,0.26529831
1,10.6,0.25460353
1,10.6,0.13446157
1,10.6,0.22976857
1,10.6,0.26702219
1,10.6,0.23954388
1,10.6,0.28009921
1,10.6,0.29861835
1,10.6,0.25554851
1,10.6,0.18996744
1,10.6,0.15369880
1,10.6,0.23091784
1,10.6,0.30058181
1,10.6,0.16944502
1,10.6,0.17007969
1,10.6,0.21029817
1,10.6,0.23526785
1,10.6,0.28439185
1,10.6,0.26014510
1,10.6,0.22013587
1,10.6,0.24481302
1,10.6,0.22928771
1,10.6,0.26925415
1,10.6,0.20057043
1,10.6,0.21168794
1,10.6,0.23607759
1,10.6,0.23535587
1,10.6,0.29447651
1,10.6,0.23806989
1,10.6,0.24431470
1,10.6,0.20055002
1,10.6,0.20880213
1,10.6,0.26120192
1,10.6,0.23427996
1,10.6,0.23601814
1,10.6,0.13478170
1,10.6,0.22731081
1,10.6,0.12122946
1,10.6,0.14363532
1,10.6,0.28044266
1,10.6,0.21778478
1,10.6,0.28819162
1,10.6,0.15634452
1,10.6,0.20625871
1,10.6,0.18369621
1,10.7,0.19764481
1,10.7,0.15921250
1,10.7,0.15180439
1,10.7,0.23013766
1,10.7,0.23478009
1,10.7,0.16743705
1,10.7,0.19968116
1,10.7,0.30565012
1,10.7,0.19882898
1,10.7,0.12397765
1,10.7,0.22537577
1,10.7,0.20216280
1,10.7,0.27763319
1,10.7,0.18469264
1,10.7,0.17518833
1,10.7,0.22284617
1,10.7,0.16832133
1,10.7,0.13767761
1,10.7,0.17981511
1,10.7,0.16956531
1,10.7,0.23855540
1,10.7,0.22209223
1,10.7,0.21437731
1,10.7,0.14204089
1,10.7,0.17248712
1,10.7,0.26317704
1,10.7,0.17415977
1,10.7,0.18767220
1,10.7,0.18796189
1,10.7,0.29565021
1,10.7,0.15846111
1,10.7,0.20171195
1,10.7,0.18243794
1,10.7,0.21177424
1,10.7,0.23509774
1,10.7,0.19361259
1,10.7,0.26152968
1,10.7,0.20158477
1,10.7,0.15500912
1,10.7,0.19977692
1,10.7,0.27152839
1,10.7,0.24333942
1,10.7,0.22089477
1,10.7,0.18274650
1,10.7,0.16364253
1,10.7,0.15614434
1,10.7,0.18687695
1,10.7,0.18961118
1,10.7,0.18189217
1,10.7,0.23900782
1,10.7,0.20180219
1,10.7,0.19206068
1,10.7,0.20614704
1,10.7,0.22727460
1,10.7,0.16541392
1,10.7,0.15363704
1,10.7,0.17164969
1,10.7,0.21485993
1,10.7,0.19925453
1,10.7,0.31790441
1,10.7,0.20370144
1,10.7,0.13707228
1,10.7,0.17831405
1,10.7,0.11274489
1,10.7,0.16657633
1,10.7,0.35361379
1,10.7,0.20458582
1,10.7,0.27722701
1,10.8,0.20381302
1,10.8,0.17659242
1,10.8,0.19661039
1,10.8,0.17931682
1,10.8,0.22716025
1,10.8,0.19495212
1,10.8,0.28742906
1,10.8,0.20091888
1,10.8,0.16990203
1,10.8,0.16378985
1,10.8,0.19777355
1,10.8,0.18953726
1,10.8,0.23352349
1,10.8,0.30725276
1,10.8,0.24270304
1,10.8,0.15612487
1,10.8,0.24788459
1,10.8,0.32611051
1,10.8,0.21807313
1,10.8,0.24703620
1,10.8,0.16861546
1,10.8,0.24264482
1,10.8,0.16590072
1,10.8,0.16159198
1,10.8,0.23777391
1,10.8,0.25025505
1,10.8,0.21270470
1,10.8,0.20734115
1,10.8,0.19030577
1,10.8,0.23523931
1,10.8,0.20179085
1,10.8,0.22984110
1,10.8,0.21430062
1,10.8,0.19714049
1,10.8,0.18914630
1,10.8,0.19216110
1,10.8,0.18358192
1,10.8,0.19110525
1,10.8,0.17193229
1,10.8,0.12401061
1,10.8,0.18475474
1,10.8,0.21058382
1,10.8,0.22663093
1,10.8,0.16419999
1,10.8,0.19508819
1,10.8,0.24080165
1,10.8,0.22146977
1,10.8,0.17550945
1,10.8,0.21229509
1,10.8,0.17244300
1,10.8,0.23571692
1,10.8,0.14320195
1,10.8,0.21551186
1,10.8,0.23144649
1,10.8,0.23910482
1,10.8,0.17850059
1,10.8,0.13441886
1,10.8,0.20653756
1,10.8,0.31654119
1,10.8,0.25598118
1,10.8,0.18427227
1,10.8,0.17037776
1,10.8,0.18658118
1,10.8,0.22134326
1,10.8,0.25601622
1,10.8,0.24843979
1,10.8,0.29563606
1,10.8,0.26147446
1,10.8,0.22547069
1,10.9,0.23663275
1,10.9,0.21250175
1,10.9,0.27660120
1,10.9,0.21941452
1,10.9,0.19885412
1,10.9,0.13512978
1,10.9,0.23168594
1,10.9,0.35011232
1,10.9,0.22226076
1,10.9,0.26991913
1,10.9,0.18412778
1,10.9,0.19036679
1,10.9,0.20768374
1,10.9,0.18422623
1,10.9,0.26835388
1,10.9,0.23442999
1,10.9,0.28090236
1,10.9,0.19615506
1,10.9,0.21034740
1,10.9,0.18001692
1,10.9,0.13519001
1,10.9,0.24082446
1,10.9,0.15243307
1,10.9,0.17396720
1,10.9,0.16819192
1,10.9,0.20046741
1,10.9,0.34957799
1,10.9,0.14673264
1,10.9,0.14802390
1,10.9,0.24408858
1,10.9,0.14547327
1,10.9,0.17479634
1,10.9,0.16804633
1,10.9,0.22458328
1,10.9,0.20443481
1,10.9,0.23161265
1,10.9,0.17334019
1,10.9,0.19161454
1,10.9,0.22982062
1,10.9,0.12741630
1,10.9,0.20816028
1,10.9,0.22639157
1,10.9,0.23334911
1,10.9,0.18535896
1,10.9,0.19392911
1,10.9,0.16017891
1,10.9,0.23384637
1,10.9,0.20491940
1,10.9,0.18702900
1,10.9,0.23741582
1,10.9,0.17776380
1,10.9,0.21443444
1,10.9,0.23871543
1,10.9,0.18481340
1,10.9,0.26791942
1,10.9,0.17506577
1,10.9,0.27326784
1,10.9,0.15427250
1,10.9,0.18060923
1,10.9,0.17090876
1,10.9,0.21763977
1,10.9,0.24285658
1,10.9,0.25707656
1,10.9,0.12482210
1,10.9,0.26415631
1,10.9,0.25273484
1,10.9,0.18507661
1,10.9,0.22306877
1,10.9,0.22921319
1,11.0,0.20738000
1,11.0,0.20285390
1,11.0,0.19978002
1,11.0,0.17700608
1,11.0,0.23348612
1,11.0,0.32589972
1,11.0,0.23340294
1,11.0,0.17066920
1,11.0,0.19950561
1,11.0,0.26550078
1,11.0,0.23084804
1,11.0,0.18604052
1,11.0,0.18737099
1,11.0,0.10797617
1,11.0,0.16436702
1,11.0,0.21643464
1,11.0,0.23507980
1,11.0,0.22060393
1,11.0,0.20637548
1,11.0,0.22355027
1,11.0,0.19787465
1,11.0,0.19145563
1,11.0,0.16540286
1,11.0,0.16290131
1,11.0,0.16768867
1,11.0,0.34204081
1,11.0,0.25581768
1,11.0,0.15966257
1,11.0,0.22902700
1,11.0,0.26520154
1,11.0,0.19334111
1,11.0,0.24687891
1,11.0,0.22735499
1,11.0,0.21996653
1,11.0,0.27370679
1,11.0,0.24699320
1,11.0,0.19891870
1,11.0,0.21251017
1,11.0,0.23957893
1,11.0,0.20393991
1,11.0,0.22821876
1,11.0,0.21665080
1,11.0,0.16219485
1,11.0,0.23491776
1,11.0,0.18182811
1,11.0,0.12467778
1,11.0,0.19368562
1,11.0,0.13946021
1,11.0,0.18298049
1,11.0,0.10472760
1,11.0,0.23227704
1,11.0,0.24073963
1,11.0,0.20452243
1,11.0,0.13945717
1,11.0,0.21836050
1,11.0,0.20304422
1,11.0,0.24175110
1,11.0,0.25128007
1,11.0,0.20004775
1,11.0,0.25314692
1,11.0,0.17077938
1,11.0,0.26913550
1,11.0,0.29512846
1,11.0,0.11527609
1,11.0,0.30250421
1,11.0,0.16827776
1,11.0,0.28160512
1,11.0,0.21000285
1,11.0,0.15995359
1,11.1,0.20745958
1,11.1,0.24080676
1,11.1,0.22008696
1,11.1,0.21992734
1,11.1,0.18609488
1,11.1,0.26005715
1,11.1,0.14036664
1,11.1,0.23348854
1,11.1,0.38153407
1,11.1,0.12737265
1,11.1,0.22384305
1,11.1,0.22258589
1,11.1,0.13730642
1,11.1,0.18513326
1,11.1,0.15691760
1,11.1,0.13700312
1,11.1,0.35862985
1,11.1,0.29710656
1,11.1,0.24452837
1,11.1,0.26104221
1,11.1,0.19327360
1,11.1,0.23010273
1,11.1,0.16793671
1,11.1,0.16283241
1,11.1,0.21511467
1,11.1,0.24261501
1,11.1,0.17822811
1,11.1,0.17537357
1,11.1,0.24104521
1,11.1,0.16824177
1,11.1,0.27842203
1,11.1,0.25265875
1,11.1,0.20527172
1,11.1,0.25589424
1,11.1,0.28263631
1,11.1,0.24064726
1,11.1,0.21571611
1,11.1,0.29367885
1,11.1,0.17410275
1,11.1,0.19688672
1,11.1,0.21069506
1,11.1,0.19605735
1,11.1,0.27390125
1,11.1,0.20354007
1,11.1,0.13057697
1,11.1,0.25823706
1,11.1,0.17815106
1,11.1,0.16982597
1,11.1,0.21238513
1,11.1,0.19563577
1,11.1,0.22078565
1,11.1,0.16661216
1,11.1,0.18848887
1,11.1,0.29874626
1,11.1,0.34584010
1,11.1,0.21307676
1,11.1,0.16505781
1,11.1,0.25332412
1,11.1,0.13465308
1,11.1,0.17459211
1,11.1,0.16829385
1,11.1,0.18331416
1,11.1,0.23735517
1,11.1,0.13391416
1,11.1,0.22943000
1,11.1,0.15051951
1,11.1,0.22846454
1,11.1,0.21976294
1,11.2,0.20707768
1,11.2,0.13938092
1,11.2,0.13634011
1,11.2,0.15280782
1,11.2,0.25073829
1,11.2,0.20956451
1,11.2,0.15970285
1,11.2,0.16663200
1,11.2,0.19993897
1,11.2,0.25922030
1,11.2,0.21710405
1,11.2,0.20934437
1,11.2,0.33532000
1,11.2,0.31132960
1,11.2,0.30387917
1,11.2,0.17774157
1,11.2,0.15981542
1,11.2,0.18757698
1,11.2,0.18256408
1,11.2,0.26222819
1,11.2,0.23774812
1,11.2,0.25251818
1,11.2,0.17135899
1,11.2,0.34540072
1,11.2,0.19834673
1,11.2,0.19969308
1,11.2,0.17976917
1,11.2,0.28408754
1,11.2,0.24464957
1,11.2,0.13116501
1,11.2,0.18533741
1,11.2,0.24834874
1,11.2,0.16136660
1,11.2,0.23293880
1,11.2,0.26355037
1,11.2,0.24653658
1,11.2,0.26039448
1,11.2,0.17706804
1,11.2,0.14352390
1,11.2,0.20202877
1,11.2,0.20203224
1,11.2,0.25178269
1,11.2,0.26099658
1,11.2,0.31751949
1,11.2,0.18116178
1,11.2,0.21667737
1,11.2,0.28905198
1,11.2,0.22815867
1,11.2,0.22032551
1,11.2,0.19536033
1,11.2,0.29025587
1,11.2,0.22924632
1,11.2,0.18837498
1,11.2,0.21355423
1,11.2,0.18625373
1,11.2,0.20225593
1,11.2,0.23770249
1,11.2,0.19169013
1,11.2,0.19397815
1,11.2,0.26053229
1,11.2,0.24216740
1,11.2,0.20285101
1,11.2,0.15027885
1,11.2,0.22679697
1,11.2,0.13190269
1,11.2,0.28958228
1,11.2,0.23548968
1,11.2,0.14381735
1,11.2,0.20235334
1,11.3,0.18883395
1,11.3,0.28611991
1,11.3,0.16393203
1,11.3,0.26596066
1,11.3,0.13092810
1,11.3,0.21649100
1,11.3,0.19869375
1,11.3,0.32603675
1,11.3,0.18141244
1,11.3,0.20988010
1,11.3,0.19749217
1,11.3,0.22644313
1,11.3,0.27504277
1,11.3,0.32473385
1,11.3,0.15151462
1,11.3,0.20521362
1,11.3,0.32891402
1,11.3,0.24717362
1,11.3,0.23807155
1,11.3,0.16942666
1,11.3,0.18149491
1,11.3,0.26232520
1,11.3,0.20852293
1,11.3,0.23962545
1,11.3,0.25125468
1,11.3,0.17408438
1,11.3,0.19679844
1,11.3,0.17929108
1,11.3,0.17753151
1,11.3,0.25888947
1,11.3,0.20116512
1,11.3,0.19638070
1,11.3,0.24981000
1,11.3,0.18909670
1,11.3,0.23532324
1,11.3,0.19894865
1,11.3,0.29025617
1,11.3,0.15581974
1,11.3,0.21361332
1,11.3,0.10048959
1,11.3,0.22269209
1,11.3,0.20023200
1,11.3,0.20588391
1,11.3,0.17128852
1,11.3,0.20749727
1,11.3,0.25395861
1,11.3,0.22268686
1,11.3,0.23417953
1,11.3,0.21509318
1,11.3,0.15529072
1,11.3,0.19916829
1,11.3,0.15845732
1,11.3,0.21632650
1,11.3,0.21172719
1,11.3,0.19334577
1,11.3,0.24253196
1,11.3,0.27562073
1,11.3,0.25342995
1,11.3,0.33005047
1,11.3,0.21636285
1,11.3,0.22396091
1,11.3,0.25380936
1,11.3,0.15880577
1,11.3,0.19269875
1,11.3,0.14716400
1,11.3,0.21912184
1,11.3,0.13442017
1,11.3,0.14047170
1,11.3,0.19620697
1,11.4,0.16205871
1,11.4,0.14664099
1,11.4,0.20585050
1,11.4,0.20443608
1,11.4,0.17369349
1,11.4,0.20000063
1,11.4,0.23751593
1,11.4,0.20558466
1,11.4,0.31951207
1,11.4,0.23631337
1,11.4,0.14205864
1,11.4,0.10461443
1,11.4,0.30781412
1,11.4,0.34287548
1,11.4,0.20679981
1,11.4,0.18873134
1,11.4,0.15260544
1,11.4,0.20906603
1,11.4,0.17818435
1,11.4,0.19321062
1,11.4,0.18828192
1,11.4,0.17900255
1,11.4,0.25732273
1,11.4,0.19184560
1,11.4,0.19601351
1,11.4,0.17832416
1,11.4,0.35527718
1,11.4,0.29291251
1,11.4,0.22972114
1,11.4,0.25838506
1,11.4,0.24900736
1,11.4,0.25861487
1,11.4,0.19225888
1,11.4,0.19184117
1,11.4,0.19351931
1,11.4,0.22486374
1,11.4,0.26531711
1,11.4,0.28558385
1,11.4,0.20301409
1,11.4,0.31080741
1,11.4,0.28082335
1,11.4,0.27653131
1,11.4,0.13700168
1,11.4,0.23370261
1,11.4,0.18214330
1,11.4,0.11944368
1,11.4,0.22646883
1,11.4,0.21019101
1,11.4,0.28004134
1,11.4,0.31645551
1,11.4,0.26304874
1,11.4,0.28703058
1,11.4,0.10875593
1,11.4,0.12253060
1,11.4,0.23098890
1,11.4,0.16568333
1,11.4,0.30337417
1,11.4,0.16431908
1,11.4,0.24182738
1,11.4,0.31015310
1,11.4,0.23286562
1,11.4,0.21206111
1,11.4,0.22558910
1,11.4,0.27681750
1,11.4,0.25929517
1,11.4,0.32278699
1,11.4,0.28772181
1,11.4,0.23842286
1,11.4,0.26771855
1,11.5,0.18867275
1,11.5,0.22451894
1,11.5,0.20844162
1,11.5,0.13875315
1,11.5,0.25629532
1,11.5,0.21887214
1,11.5,0.31623381
1,11.5,0.24432454
1,11.5,0.24640274
1,11.5,0.21189004
1,11.5,0.25090873
1,11.5,0.17213662
1,11.5,0.21198717
1,11.5,0.16094071
1,11.5,0.33174056
1,11.5,0.25811508
1,11.5,0.31587386
1,11.5,0.18536812
1,11.5,0.31467772
1,11.5,0.20494720
1,11.5,0.16237465
1,11.5,0.15074366
1,11.5,0.15200023
1,11.5,0.21349882
1,11.5,0.20646311
1,11.5,0.17700586
1,11.5,0.12890233
1,11.5,0.21698762
1,11.5,0.12969771
1,11.5,0.24399380
1,11.5,0.32891357
1,11.5,0.26382795
1,11.5,0.21658644
1,11.5,0.23325428
1,11.5,0.16236900
1,11.5,0.15746649
1,11.5,0.20289004
1,11.5,0.28322887
1,11.5,0.20191340
1,11.5,0.19690229
1,11.5,0.17653006
1,11.5,0.21728978
1,11.5,0.31441396
1,11.5,0.21644230
1,11.5,0.15034848
1,11.5,0.22196205
1,11.5,0.16051842
1,11.5,0.22072098
1,11.5,0.16105376
1,11.5,0.21795776
1,11.5,0.27182814
1,11.5,0.27745026
1,11.5,0.16478203
1,11.5,0.10357917
1,11.5,0.19330640
1,11.5,0.22009002
1,11.5,0.27517414
1,11.5,0.20207636
1,11.5,0.19631113
1,11.5,0.17045920
1,11.5,0.14632477
1,11.5,0.20732509
1,11.5,0.27803746
1,11.5,0.19669697
1,11.5,0.20740962
1,11.5,0.28382555
1,11.5,0.27308285
1,11.5,0.18374598
1,11.5,0.18088123
1,11.6,0.26860705
1,11.6,0.19670609
1,11.6,0.28954411
1,11.6,0.19727473
1,11.6,0.20159493
1,11.6,0.20132186
1,11.6,0.16982697
1,11.6,0.17897327
1,11.6,0.22699338
1,11.6,0.18856993
1,11.6,0.19577625
1,11.6,0.20454444
1,11.6,0.16037494
1,11.6,0.31681994
1,11.6,0.20844173
1,11.6,0.21377064
1,11.6,0.19939750
1,11.6,0.32348651
1,11.6,0.13246311
1,11.6,0.28103825
1,11.6,0.17734024
1,11.6,0.23639974
1,11.6,0.25667474
1,11.6,0.22232808
1,11.6,0.20837443
1,11.6,0.18794912
1,11.6,0.29368338
1,11.6,0.33927542
1,11.6,0.22299375
1,11.6,0.15595402
1,11.6,0.17300312
1,11.6,0.29405138
1,11.6,0.25590524
1,11.6,0.19299419
1,11.6,0.18635796
1,11.6,0.21363193
1,11.6,0.16802680
1,11.6,0.20351584
1,11.6,0.17720386
1,11.6,0.17566238
1,11.6,0.26533169
1,11.6,0.11070458
1,11.6,0.17824882
1,11.6,0.17661090
1,11.6,0.19237612
1,11.6,0.14188354
1,11.6,0.19463807
1,11.6,0.16052876
1,11.6,0.20333384
1,11.6,0.16753897
1,11.6,0.20788592
1,11.6,0.21445772
1,11.6,0.17687403
1,11.6,0.20884000
1,11.6,0.16520716
1,11.6,0.12183306
1,11.6,0.26661932
1,11.6,0.20609406
1,11.6,0.16868553
1,11.6,0.25638142
1,11.6,0.15581496
1,11.6,0.13692451
1,11.6,0.33358836
1,11.6,0.23312986
1,11.6,0.18963382
1,11.6,0.23075606
1,11.6,0.22966889
1,11.6,0.20918207
1,11.7,0.19705355
1,11.7,0.23731828
1,11.7,0.21301366
1,11.7,0.18562856
1,11.7,0.27973011
1,11.7,0.29880551
1,11.7,0.29853556
1,11.7,0.21528959
1,11.7,0.23760851
1,11.7,0.22472195
1,11.7,0.20294781
1,11.7,0.17429103
1,11.7,0.22704999
1,11.7,0.21012214
1,11.7,0.21157795
1,11.7,0.21512897
1,11.7,0.20722994
1,11.7,0.18429095
1,11.7,0.23711649
1,11.7,0.21074657
1,11.7,0.25477758
1,11.7,0.24784480
1,11.7,0.25108719
1,11.7,0.16300735
1,11.7,0.18051627
1,11.7,0.15155062
1,11.7,0.18427707
1,11.7,0.22461995
1,11.7,0.24167676
1,11.7,0.15893330
1,11.7,0.20904663
1,11.7,0.23151428
1,11.7,0.16728735
1,11.7,0.23005415
1,11.7,0.20473026
1,11.7,0.24558695
1,11.7,0.18275681
1,11.7,0.19258660
1,11.7,0.22344032
1,11.7,0.20602973
1,11.7,0.22785658
1,11.7,0.19428529
1,11.7,0.27128777
1,11.7,0.23445185
1,11.7,0.32033566
1,11.7,0.20471753
1,11.7,0.24569894
1,11.7,0.18392210
1,11.7,0.23685187
1,11.7,0.17728978
1,11.7,0.15362886
1,11.7,0.21958311
1,11.7,0.14791380
1,11.7,0.21402794
1,11.7,0.16066788
1,11.7,0.18429844
1,11.7,0.16233622
1,11.7,0.23961760
1,11.7,0.17393807
1,11.7,0.17320493
1,11.7,0.16557151
1,11.7,0.28018844
1,11.7,0.21354169
1,11.7,0.21163695
1,11.7,0.19990917
1,11.7,0.20886397
1,11.7,0.21169825
1,11.7,0.15625814
1,11.7,0.32500347
1,11.8,0.34412241
1,11.8,0.28898028
1,11.8,0.21896622
1,11.8,0.20816727
1,11.8,0.14910017
1,11.8,0.18285030
1,11.8,0.18166664
1,11.8,0.13698845
1,11.8,0.13923451
1,11.8,0.14868064
1,11.8,0.21579055
1,11.8,0.20051317
1,11.8,0.20027426
1,11.8,0.20323211
1,11.8,0.15041643
1,11.8,0.23580831
1,11.8,0.41488922
1,11.8,0.21908221
1,11.8,0.26233932
1,11.8,0.23665991
1,11.8,0.26505089
1,11.8,0.24272522
1,11.8,0.14002039
1,11.8,0.14781116
1,11.8,0.21431042
1,11.8,0.24380097
1,11.8,0.13477761
1,11.8,0.23501843
1,11.8,0.32347131
1,11.8,0.24744871
1,11.8,0.23167680
1,11.8,0.17807958
1,11.8,0.18922895
1,11.8,0.21850486
1,11.8,0.29598475
1,11.8,0.14950003
1,11.8,0.17233592
1,11.8,0.16395643
1,11.8,0.23334199
1,11.8,0.17269675
1,11.8,0.18645835
1,11.8,0.22494024
1,11.8,0.25958511
1,11.8,0.12462046
1,11.8,0.17498030
1,11.8,0.16537754
1,11.8,0.15011890
1,11.8,0.25230759
1,11.8,0.29890776
1,11.8,0.25943303
1,11.8,0.19940940
1,11.8,0.22039139
1,11.8,0.27349690
1,11.8,0.21434899
1,11.8,0.26743925
1,11.8,0.17833632
1,11.8,0.16721220
1,11.8,0.25966129
1,11.8,0.18330814
1,11.8,0.24546452
1,11.8,0.19973636
1,11.8,0.19086105
1,11.8,0.25244200
1,11.8,0.25280622
1,11.8,0.19054528
1,11.8,0.25912949
1,11.8,0.21541332
1,11.8,0.18690352
1,11.8,0.22164850
1,11.9,0.26422542
1,11.9,0.20097533
1,11.9,0.17055763
1,11.9,0.20105624
1,11.9,0.25715330
1,11.9,0.18834199
1,11.9,0.20920005
1,11.9,0.27579179
1,11.9,0.22751565
1,11.9,0.19052957
1,11.9,0.26767918
1,11.9,0.23198265
1,11.9,0.13005668
1,11.9,0.15544234
1,11.9,0.17690568
1,11.9,0.13447656
1,11.9,0.22585429
1,11.9,0.13450277
1,11.9,0.20198585
1,11.9,0.19667540
1,11.9,0.17599562
1,11.9,0.20936531
1,11.9,0.29598892
1,11.9,0.18431139
1,11.9,0.14630093
1,11.9,0.30653962
1,11.9,0.18110594
1,11.9,0.21417747
1,11.9,0.21722791
1,11.9,0.28216761
1,11.9,0.20107818
1,11.9,0.20755203
1,11.9,0.18432844
1,11.9,0.20391817
1,11.9,0.21029224
1,11.9,0.21085985
1,11.9,0.24400418
1,11.9,0.27916732
1,11.9,0.20912455
1,11.9,0.15035526
1,11.9,0.22495121
1,11.9,0.15957318
1,11.9,0.23993038
1,11.9,0.12151980
1,11.9,0.20665178
1,11.9,0.23062679
1,11.9,0.21119750
1,11.9,0.23338708
1,11.9,0.18428266
1,11.9,0.18799734
1,11.9,0.19193733
1,11.9,0.27690291
1,11.9,0.34644645
1,11.9,0.26251194
1,11.9,0.15262954
1,11.9,0.21007313
1,11.9,0.16064125
1,11.9,0.24261236
1,11.9,0.14908332
1,11.9,0.24855594
1,11.9,0.20028989
1,11.9,0.15747507
1,11.9,0.22949801
1,11.9,0.24380243
1,11.9,0.23278318
1,11.9,0.19740966
1,11.9,0.18557420
1,11.9,0.19398384
1,11.9,0.16276802
1,12.0,0.21941477
1,12.0,0.17015803
1,12.0,0.21525781
1,12.0,0.22407584
1,12.0,0.17465204
1,12.0,0.22834668
1,12.0,0.19616380
1,12.0,0.26705891
1,12.0,0.16919631
1,12.0,0.23100764
1,12.0,0.12885143
1,12.0,0.22954066
1,12.0,0.20069633
1,12.0,0.21576403
1,12.0,0.21879780
1,12.0,0.12539513
1,12.0,0.15102653
1,12.0,0.13436727
1,12.0,0.26948848
1,12.0,0.23214956
1,12.0,0.18743409
1,12.0,0.27059329
1,12.0,0.19733675
1,12.0,0.22873370
1,12.0,0.19971173
1,12.0,0.14416531
1,12.0,0.18958369
1,12.0,0.28982624
1,12.0,0.24060649
1,12.0,0.21406019
1,12.0,0.13869597
1,12.0,0.19018190
1,12.0,0.23391353
1,12.0,0.20597382
1,12.0,0.15071785
1,12.0,0.16402258
1,12.0,0.12673347
1,12.0,0.17414972
1,12.0,0.13753074
1,12.0,0.22780403
1,12.0,0.16231549
1,12.0,0.29737192
1,12.0,0.19377345
1,12.0,0.16153394
1,12.0,0.23221999
1,12.0,0.19139929
1,12.0,0.21784323
1,12.0,0.22739193
1,12.0,0.17310783
1,12.0,0.26808414
1,12.0,0.22018568
1,12.0,0.20555541
1,12.0,0.20913902
1,12.0,0.22712532
1,12.0,0.16097359
1,12.0,0.16132396
1,12.0,0.31586090
1,12.0,0.22630687
1,12.0,0.21650791
1,12.0,0.18829311
1,12.0,0.26287192
1,12.0,0.23613514
1,12.0,0.19752772
1,12.0,0.18015936
1,12.0,0.18837973
1,12.0,0.23989573
1,12.0,0.18682429
1,12.0,0.21481925
1,12.0,0.12859944
1,12.1,0.16428663
1,12.1,0.12831214
1,12.1,0.30033594
1,12.1,0.14829972
1,12.1,0.22894277
1,12.1,0.14467743
1,12.1,0.25951529
1,12.1,0.21588051
1,12.1,0.36342192
1,12.1,0.15577161
1,12.1,0.16846514
1,12.1,0.21799202
1,12.1,0.22238255
1,12.1,0.23072012
1,12.1,0.11128385
1,12.1,0.17790556
1,12.1,0.18983503
1,12.1,0.20917217
1,12.1,0.24429689
1,12.1,0.26583454
1,12.1,0.27729028
1,12.1,0.14881521
1,12.1,0.20254214
1,12.1,0.19443272
1,12.1,0.19196138
1,12.1,0.18680643
1,12.1,0.19488473
1,12.1,0.19804437
1,12.1,0.26754621
1,12.1,0.24438331
1,12.1,0.18116273
1,12.1,0.15275179
1,12.1,0.22383347
1,12.1,0.24417147
1,12.1,0.19752535
1,12.1,0.17735612
1,12.1,0.19702175
1,12.1,0.14953867
1,12.1,0.25462639
1,12.1,0.27080494
1,12.1,0.16153874
1,12.1,0.22080556
1,12.1,0.20115797
1,12.1,0.16613801
1,12.1,0.19129685
1,12.1,0.24529842
1,12.1,0.17954004
1,12.1,0.17321372
1,12.1,0.20254353
1,12.1,0.21149917
1,12.1,0.23102225
1,12.1,0.27523404
1,12.1,0.21977542
1,12.1,0.21947549
1,12.1,0.20878088
1,12.1,0.20904273
1,12.1,0.33923194
1,12.1,0.29128051
1,12.1,0.18840598
1,12.1,0.27660829
1,12.1,0.27459949
1,12.1,0.19787087
1,12.1,0.15922362
1,12.1,0.24962111
1,12.1,0.22073530
1,12.1,0.32496423
1,12.1,0.20062871
1,12.1,0.24455708
1,12.2,0.27959889
1,12.2,0.14731196
1,12.2,0.20412828
1,12.2,0.24293923
1,12.2,0.17011014
1,12.2,0.21821457
1,12.2,0.16981395
1,12.2,0.21886981
1,12.2,0.20482497
1,12.2,0.27858564
1,12.2,0.28042975
1,12.2,0.22764014
1,12.2,0.11540616
1,12.2,0.15717128
1,12.2,0.35099950
1,12.2,0.17434850
1,12.2,0.18720637
1,12.2,0.20118405
1,12.2,0.26045516
1,12.2,0.25850099
1,12.2,0.14967459
1,12.2,0.17457134
1,12.2,0.18408790
1,12.2,0.16358529
1,12.2,0.19636816
1,12.2,0.19114919
1,12.2,0.17376107
1,12.2,0.18575422
1,12.2,0.26329112
1,12.2,0.23562932
1,12.2,0.21524526
1,12.2,0.26283598
1,12.2,0.19249821
1,12.2,0.20592843
1,12.2,0.19641179
1,12.2,0.20591301
1,12.2,0.23850092
1,12.2,0.19568530
1,12.2,0.22516121
1,12.2,0.21539883
1,12.2,0.27526659
1,12.2,0.22428975
1,12.2,0.19416535
1,12.2,0.19849715
1,12.2,0.22747225
1,12.2,0.27182305
1,12.2,0.15483956
1,12.2,0.21943836
1,12.2,0.13470647
1,12.2,0.23923619
1,12.2,0.18840136
1,12.2,0.14974724
1,12.2,0.25131914
1,12.2,0.13049048
1,12.2,0.19666468
1,12.2,0.23871736
1,12.2,0.17886870
1,12.2,0.18693286
1,12.2,0.19695871
1,12.2,0.15363036
1,12.2,0.26113978
1,12.2,0.22846669
1,12.2,0.15151048
1,12.2,0.21434635
1,12.2,0.20041795
1,12.2,0.25847760
1,12.2,0.21051523
1,12.2,0.19255747
1,12.2,0.17437032
1,12.3,0.21548323
1,12.3,0.14678159
1,12.3,0.22331406
1,12.3,0.33485255
1,12.3,0.15634628
1,12.3,0.14490835
1,12.3,0.16681927
1,12.3,0.20887701
1,12.3,0.19041489
1,12.3,0.22803949
1,12.3,0.15371600
1,12.3,0.17702919
1,12.3,0.23120326
1,12.3,0.18561441
1,12.3,0.24445276
1,12.3,0.23562661
1,12.3,0.13666156
1,12.3,0.18821543
1,12.3,0.16627759
1,12.3,0.27964246
1,12.3,0.17945297
1,12.3,0.16121016
1,12.3,0.20258556
1,12.3,0.19924353
1,12.3,0.22813612
1,12.3,0.29833931
1,12.3,0.19077317
1,12.3,0.21323937
1,12.3,0.17235877
1,12.3,0.19929945
1,12.3,0.16452964
1,12.3,0.16939591
1,12.3,0.21996853
1,12.3,0.19968422
1,12.3,0.27590132
1,12.3,0.18871933
1,12.3,0.20075458
1,12.3,0.34724155
1,12.3,0.19403657
1,12.3,0.23959704
1,12.3,0.28331256
1,12.3,0.17646137
1,12.3,0.22587201
1,12.3,0.19245987
1,12.3,0.24693377
1,12.3,0.16796379
1,12.3,0.17186293
1,12.3,0.17155091
1,12.3,0.25579220
1,12.3,0.20859838
1,12.3,0.23342676
1,12.3,0.25652927
1,12.3,0.14984925
1,12.3,0.21686509
1,12.3,0.31289169
1,12.3,0.20663542
1,12.3,0.20718437
1,12.3,0.23233908
1,12.3,0.16400260
1,12.3,0.17049417
1,12.3,0.20032755
1,12.3,0.17826563
1,12.3,0.15697433
1,12.3,0.19774728
1,12.3,0.23357442
1,12.3,0.18072835
1,12.3,0.22489080
1,12.3,0.21553271
1,12.3,0.19000004
1,12.4,0.14491934
1,12.4,0.24047683
1,12.4,0.22245097
1,12.4,0.18361805
1,12.4,0.12316058
1,12.4,0.22373749
1,12.4,0.19631065
1,12.4,0.23549296
1,12.4,0.37789887
1,12.4,0.24712802
1,12.4,0.20338321
1,12.4,0.20875819
1,12.4,0.20666286
1,12.4,0.17179497
1,12.4,0.12954442
1,12.4,0.24623430
1,12.4,0.14089632
1,12.4,0.19517282
1,12.4,0.17605889
1,12.4,0.13907194
1,12.4,0.19816348
1,12.4,0.19991891
1,12.4,0.17305641
1,12.4,0.14694381
1,12.4,0.17991805
1,12.4,0.29831758
1,12.4,0.28983283
1,12.4,0.11998045
1,12.4,0.16519728
1,12.4,0.17931879
1,12.4,0.13491215
1,12.4,0.19907050
1,12.4,0.17289026
1,12.4,0.17842078
1,12.4,0.21745700
1,12.4,0.32968715
1,12.4,0.18940222
1,12.4,0.24512930
1,12.4,0.22486961
1,12.4,0.28322160
1,12.4,0.37189579
1,12.4,0.28723377
1,12.4,0.26691335
1,12.4,0.19694568
1,12.4,0.24573609
1,12.4,0.15692650
1,12.4,0.26631346
1,12.4,0.30466491
1,12.4,0.19730547
1,12.4,0.21348692
1,12.4,0.23588695
1,12.4,0.19506966
1,12.4,0.21436054
1,12.4,0.17934653
1,12.4,0.24989386
1,12.4,0.17587245
1,12.4,0.24322863
1,12.4,0.22358502
1,12.4,0.22359522
1,12.4,0.25265628
1,12.4,0.32376131
1,12.4,0.27603412
1,12.4,0.16409214
1,12.4,0.19151835
1,12.4,0.19206455
1,12.4,0.26545310
1,12.4,0.21897830
1,12.4,0.22670580
1,12.4,0.15938276
1,12.5,0.22586066
1,12.5,0.16020386
1,12.5,0.24819241
1,12.5,0.21401203
1,12.5,0.22070463
1,12.5,0.24449398
1,12.5,0.19860144
1,12.5,0.24212708
1,12.5,0.14330636
1,12.5,0.18663193
1,12.5,0.18915352
1,12.5,0.14980848
1,12.5,0.21726432
1,12.5,0.25170678
1,12.5,0.22750184
1,12.5,0.19025467
1,12.5,0.19914494
1,12.5,0.18161139
1,12.5,0.21614058
1,12.5,0.20636678
1,12.5,0.27777579
1,12.5,0.19364433
1,12.5,0.18778674
1,12.5,0.28939614
1,12.5,0.15067261
1,12.5,0.19171788
1,12.5,0.18061648
1,12.5,0.14641306
1,12.5,0.26152277
1,12.5,0.20361905
1,12.5,0.27831903
1,12.5,0.26237765
1,12.5,0.11138144
1,12.5,0.32224482
1,12.5,0.26387379
1,12.5,0.26221284
1,12.5,0.19860411
1,12.5,0.23447730
1,12.5,0.18383321
1,12.5,0.12777834
1,12.5,0.20323737
1,12.5,0.13291791
1,12.5,0.26087141
1,12.5,0.18982448
1,12.5,0.17515196
1,12.5,0.17307295
1,12.5,0.20725004
1,12.5,0.21139234
1,12.5,0.27169171
1,12.5,0.20191795
1,12.5,0.14532830
1,12.5,0.30174774
1,12.5,0.32794446
1,12.5,0.20194302
1,12.5,0.16177806
1,12.5,0.16053365
1,12.5,0.19604057
1,12.5,0.26659396
1,12.5,0.20807828
1,12.5,0.19316316
1,12.5,0.29154232
1,12.5,0.22187650
1,12.5,0.21391454
1,12.5,0.23389272
1,12.5,0.24436687
1,12.5,0.25145537
1,12.5,0.20823427
1,12.5,0.28095388
1,12.5,0.12530154
1,12.6,0.18192706
1,12.6,0.14047697
1,12.6,0.16475098
1,12.6,0.18154998
1,12.6,0.26965612
1,12.6,0.18407777
1,12.6,0.21610498
1,12.6,0.22976565
1,12.6,0.24644278
1,12.6,0.18583441
1,12.6,0.28777072
1,12.6,0.19910286
1,12.6,0.29312870
1,12.6,0.20435570
1,12.6,0.26602501
1,12.6,0.23352443
1,12.6,0.24785343
1,12.6,0.19739069
1,12.6,0.13041708
1,12.6,0.25356939
1,12.6,0.21822666
1,12.6,0.28343615
1,12.6,0.16634339
1,12.6,0.19915298
1,12.6,0.19551833
1,12.6,0.14010958
1,12.6,0.11903423
1,12.6,0.22201408
1,12.6,0.29782978
1,12.6,0.31877065
1,12.6,0.25167641
1,12.6,0.16469155
1,12.6,0.16129088
1,12.6,0.20389554
1,12.6,0.26115876
1,12.6,0.22728868
1,12.6,0.17221543
1,12.6,0.13590781
1,12.6,0.20736736
1,12.6,0.19352175
1,12.6,0.16617434
1,12.6,0.24279937
1,12.6,0.20383306
1,12.6,0.19590804
1,12.6,0.13547072
1,12.6,0.24601367
1,12.6,0.19107646
1,12.6,0.24414802
1,12.6,0.21962281
1,12.6,0.18788411
1,12.6,0.20491932
1,12.6,0.23557197
1,12.6,0.16410275
1,12.6,0.21703148
1,12.6,0.24485186
1,12.6,0.26980826
1,12.6,0.12212963
1,12.6,0.19232123
1,12.6,0.30467743
1,12.6,0.27612728
1,12.6,0.18111299
1,12.6,0.23999856
1,12.6,0.16484521
1,12.6,0.13784270
1,12.6,0.25886425
1,12.6,0.22500655
1,12.6,0.30053535
1,12.6,0.17493378
1,12.7,0.18083490
1,12.7,0.12681715
1,12.7,0.16608170
1,12.7,0.25994748
1,12.7,0.24622580
1,12.7,0.20555449
1,12.7,0.25738034
1,12.7,0.16686702
1,12.7,0.11239837
1,12.7,0.11631057
1,12.7,0.19763343
1,12.7,0.21105917
1,12.7,0.14617614
1,12.7,0.20731728
1,12.7,0.20379055
1,12.7,0.27792457
1,12.7,0.15090238
1,12.7,0.18705308
1,12.7,0.20097621
1,12.7,0.21105814
1,12.7,0.19297771
1,12.7,0.16325483
1,12.7,0.21463311
1,12.7,0.14155138
1,12.7,0.16399871
1,12.7,0.19593433
1,12.7,0.18319167
1,12.7,0.18976058
1,12.7,0.23419517
1,12.7,0.22722034
1,12.7,0.15281707
1,12.7,0.18714127
1,12.7,0.22559039
1,12.7,0.22758996
1,12.7,0.27820480
1,12.7,0.19611546
1,12.7,0.19702733
1,12.7,0.24970801
1,12.7,0.17839947
1,12.7,0.24095805
1,12.7,0.31262568
1,12.7,0.18943253
1,12.7,0.21221448
1,12.7,0.21647723
1,12.7,0.25417593
1,12.7,0.22594665
1,12.7,0.18442115
1,12.7,0.26522720
1,12.7,0.18635432
1,12.7,0.25382483
1,12.7,0.19031236
1,12.7,0.13556811
1,12.7,0.23143344
1,12.7,0.20397070
1,12.7,0.29628959
1,12.7,0.20483081
1,12.7,0.12022088
1,12.7,0.23108378
1,12.7,0.15645292
1,12.7,0.20179196
1,12.7,0.17497069
1,12.7,0.17927922
1,12.7,0.18544018
1,12.7,0.21075989
1,12.7,0.26659107
1,12.7,0.26285473
1,12.7,0.12554893
1,12.7,0.09570806
1,12.7,0.22653738
1,12.8,0.19003896
1,12.8,0.26472142
1,12.8,0.16006604
1,12.8,0.16050309
1,12.8,0.19547714
1,12.8,0.13763887
1,12.8,0.19992988
1,12.8,0.20559099
1,12.8,0.17730910
1,12.8,0.17314014
1,12.8,0.26301882
1,12.8,0.19388524
1,12.8,0.25724399
1,12.8,0.19850750
1,12.8,0.17034391
1,12.8,0.13671406
1,12.8,0.20295709
1,12.8,0.24654718
1,12.8,0.18780550
1,12.8,0.23592822
1,12.8,0.20068143
1,12.8,0.25777110
1,12.8,0.30544505
1,12.8,0.19957429
1,12.8,0.15759751
1,12.8,0.14825031
1,12.8,0.18387474
1,12.8,0.26907808
1,12.8,0.20475200
1,12.8,0.24134237
1,12.8,0.27584320
1,12.8,0.23044445
1,12.8,0.14498253
1,12.8,0.14868963
1,12.8,0.24628846
1,12.8,0.17765582
1,12.8,0.17538859
1,12.8,0.16760191
1,12.8,0.21995540
1,12.8,0.16520962
1,12.8,0.15775673
1,12.8,0.23579082
1,12.8,0.20909093
1,12.8,0.19492759
1,12.8,0.18825887
1,12.8,0.17039153
1,12.8,0.22776854
1,12.8,0.28217542
1,12.8,0.22240908
1,12.8,0.23058473
1,12.8,0.20745906
1,12.8,0.17965432
1,12.8,0.21538097
1,12.8,0.26002192
1,12.8,0.19787489
1,12.8,0.22099534
1,12.8,0.23531839
1,12.8,0.18793331
1,12.8,0.23040254
1,12.8,0.18908101
1,12.8,0.16357447
1,12.8,0.22884810
1,12.8,0.21448696
1,12.8,0.18635844
1,12.8,0.19011231
1,12.8,0.17596349
1,12.8,0.15063602
1,12.8,0.23737082
1,12.8,0.11436491
1,12.9,0.22500086
1,12.9,0.12666832
1,12.9,0.32289809
1,12.9,0.19368151
1,12.9,0.14402914
1,12.9,0.17251526
1,12.9,0.16964960
1,12.9,0.15674618
1,12.9,0.16486223
1,12.9,0.15236713
1,12.9,0.17627308
1,12.9,0.23949555
1,12.9,0.17858310
1,12.9,0.15783788
1,12.9,0.13604179
1,12.9,0.21657181
1,12.9,0.23936486
1,12.9,0.18266231
1,12.9,0.18680666
1,12.9,0.24640435
1,12.9,0.29767957
1,12.9,0.20683594
1,12.9,0.18568307
1,12.9,0.16781047
1,12.9,0.29252777
1,12.9,0.29178363
1,12.9,0.25084287
1,12.9,0.16025487
1,12.9,0.18482152
1,12.9,0.26963249
1,12.9,0.26047245
1,12.9,0.12999304
1,12.9,0.24073787
1,12.9,0.28925091
1,12.9,0.19173822
1,12.9,0.23025446
1,12.9,0.22940230
1,12.9,0.22847159
1,12.9,0.26293993
1,12.9,0.26226190
1,12.9,0.24983291
1,12.9,0.14377297
1,12.9,0.17185140
1,12.9,0.14029652
1,12.9,0.27601221
1,12.9,0.28561214
1,12.9,0.24723789
1,12.9,0.18329898
1,12.9,0.16070315
1,12.9,0.18135776
1,12.9,0.14260323
1,12.9,0.11740803
1,12.9,0.16593634
1,12.9,0.18575500
1,12.9,0.25518358
1,12.9,0.15194835
1,12.9,0.34480873
1,12.9,0.15707742
1,12.9,0.17029230
1,12.9,0.23990618
1,12.9,0.22652841
1,12.9,0.29849827
1,12.9,0.23615883
1,12.9,0.20467474
1,12.9,0.14433210
1,12.9,0.23975061
1,12.9,0.25716507
1,12.9,0.26774010
1,12.9,0.24847701
1,13.0,0.16799884
1,13.0,0.17329217
1,13.0,0.25115949
1,13.0,0.22600713
1,13.0,0.19689788
1,13.0,0.21781513
1,13.0,0.20008016
1,13.0,0.19081603
1,13.0,0.19547379
1,13.0,0.23350371
1,13.0,0.17201364
1,13.0,0.22046249
1,13.0,0.17885421
1,13.0,0.20372377
1,13.0,0.21537304
1,13.0,0.16620614
1,13.0,0.20555846
1,13.0,0.26429394
1,13.0,0.10705776
1,13.0,0.15350808
1,13.0,0.21422020
1,13.0,0.25232598
1,13.0,0.13478488
1,13.0,0.15126218
1,13.0,0.19316955
1,13.0,0.17720768
1,13.0,0.14299557
1,13.0,0.17994048
1,13.0,0.23845783
1,13.0,0.12669113
1,13.0,0.15891954
1,13.0,0.19276711
1,13.0,0.26045847
1,13.0,0.25951922
1,13.0,0.24672364
1,13.0,0.28864518
1,13.0,0.22405401
1,13.0,0.20308991
1,13.0,0.21142459
1,13.0,0.19005501
1,13.0,0.15546323
1,13.0,0.21016981
1,13.0,0.16230112
1,13.0,0.19213946
1,13.0,0.17468235
1,13.0,0.22740953
1,13.0,0.16253571
1,13.0,0.21842344
1,13.0,0.18661077
1,13.0,0.17377523
1,13.0,0.27574551
1,13.0,0.16321893
1,13.0,0.14345261
1,13.0,0.12448300
1,13.0,0.14913656
1,13.0,0.19164322
1,13.0,0.25422180
1,13.0,0.23535016
1,13.0,0.17860870
1,13.0,0.32665703
1,13.0,0.23586056
1,13.0,0.18400884
1,13.0,0.16347471
1,13.0,0.20128879
1,13.0,0.20221861
1,13.0,0.22531918
1,13.0,0.25823343
1,13.0,0.20296399
1,13.1,0.17675301
1,13.1,0.17847036
1,13.1,0.14824194
1,13.1,0.19386071
1,13.1,0.21809869
1,13.1,0.25413963
1,13.1,0.16405942
1,13.1,0.19080932
1,13.1,0.18632762
1,13.1,0.23488216
1,13.1,0.15301833
1,13.1,0.16625439
1,13.1,0.13208160
1,13.1,0.23147593
1,13.1,0.18826570
1,13.1,0.23612742
1,13.1,0.16130385
1,13.1,0.21583368
1,13.1,0.17525521
1,13.1,0.26386055
1,13.1,0.19206192
1,13.1,0.20712183
1,13.1,0.18912610
1,13.1,0.14516911
1,13.1,0.15977958
1,13.1,0.24691458
1,13.1,0.34396216
1,13.1,0.21502373
1,13.1,0.20068589
1,13.1,0.18769132
1,13.1,0.20561820
1,13.1,0.15928850
1,13.1,0.24085385
1,13.1,0.15505816
1,13.1,0.20439410
1,13.1,0.19718421
1,13.1,0.18170407
1,13.1,0.15242201
1,13.1,0.22496133
1,13.1,0.25485522
1,13.1,0.14697856
1,13.1,0.21063575
1,13.1,0.24943042
1,13.1,0.16431166
1,13.1,0.17545682
1,13.1,0.24293417
1,13.1,0.18693113
1,13.1,0.16976939
1,13.1,0.19869871
1,13.1,0.20239948
1,13.1,0.18483338
1,13.1,0.21308982
1,13.1,0.25688896
1,13.1,0.20180729
1,13.1,0.20701675
1,13.1,0.15692940
1,13.1,0.14923581
1,13.1,0.25559837
1,13.1,0.21776485
1,13.1,0.25672290
1,13.1,0.21284035
1,13.1,0.18779843
1,13.1,0.23020346
1,13.1,0.23240775
1,13.1,0.21729898
1,13.1,0.13536887
1,13.1,0.18751304
1,13.1,0.19001876
1,13.1,0.24030092
1,13.2,0.15679462
1,13.2,0.21565539
1,13.2,0.20842190
1,13.2,0.22039273
1,13.2,0.21739161
1,13.2,0.18928251
1,13.2,0.22469367
1,13.2,0.13584071
1,13.2,0.16856037
1,13.2,0.24517502
1,13.2,0.19395785
1,13.2,0.19180012
1,13.2,0.20784910
1,13.2,0.16479534
1,13.2,0.18451230
1,13.2,0.21426481
1,13.2,0.17444643
1,13.2,0.17733113
1,13.2,0.25893834
1,13.2,0.17794606
1,13.2,0.20023409
1,13.2,0.18437177
1,13.2,0.17874540
1,13.2,0.20884028
1,13.2,0.41779318
1,13.2,0.16552263
1,13.2,0.20844448
1,13.2,0.16437960
1,13.2,0.30171946
1,13.2,0.17985550
1,13.2,0.21231009
1,13.2,0.24575171
1,13.2,0.29195318
1,13.2,0.23674333
1,13.2,0.23209836
1,13.2,0.30061194
1,13.2,0.21997587
1,13.2,0.21518683
1,13.2,0.26188025
1,13.2,0.27134639
1,13.2,0.20879775
1,13.2,0.23871051
1,13.2,0.23585761
1,13.2,0.14110909
1,13.2,0.10683063
1,13.2,0.17548333
1,13.2,0.22762048
1,13.2,0.16708124
1,13.2,0.16822234
1,13.2,0.29106104
1,13.2,0.17358379
1,13.2,0.16253282
1,13.2,0.21236940
1,13.2,0.11242726
1,13.2,0.28905895
1,13.2,0.17104045
1,13.2,0.28370017
1,13.2,0.24457636
1,13.2,0.22659871
1,13.2,0.09905357
1,13.2,0.32287866
1,13.2,0.19625112
1,13.2,0.11955228
1,13.2,0.18439299
1,13.2,0.17009304
1,13.2,0.18843372
1,13.2,0.15297802
1,13.2,0.29447663
1,13.2,0.20937485
1,13.3,0.26980087
1,13.3,0.23412667
1,13.3,0.15329890
1,13.3,0.17092390
1,13.3,0.24578527
1,13.3,0.28706118
1,13.3,0.25967193
1,13.3,0.24333017
1,13.3,0.22303586
1,13.3,0.29447380
1,13.3,0.19786450
1,13.3,0.15288548
1,13.3,0.18940169
1,13.3,0.17936189
1,13.3,0.16805503
1,13.3,0.20801735
1,13.3,0.19551665
1,13.3,0.14024906
1,13.3,0.15735118
1,13.3,0.23779215
1,13.3,0.19042626
1,13.3,0.16719602
1,13.3,0.20444019
1,13.3,0.25394979
1,13.3,0.17025281
1,13.3,0.12934232
1,13.3,0.13941538
1,13.3,0.20323431
1,13.3,0.19317238
1,13.3,0.27587301
1,13.3,0.15140980
1,13.3,0.13807820
1,13.3,0.24032812
1,13.3,0.14530259
1,13.3,0.18009980
1,13.3,0.20330313
1,13.3,0.15150772
1,13.3,0.28962374
1,13.3,0.24673600
1,13.3,0.29052874
1,13.3,0.22002985
1,13.3,0.20729084
1,13.3,0.25160646
1,13.3,0.16473526
1,13.3,0.25329784
1,13.3,0.16007343
1,13.3,0.26683792
1,13.3,0.16804849
1,13.3,0.18664424
1,13.3,0.25157294
1,13.3,0.32149401
1,13.3,0.22416385
1,13.3,0.28782263
1,13.3,0.16061385
1,13.3,0.21030530
1,13.3,0.12570158
1,13.3,0.15462698
1,13.3,0.21012184
1,13.3,0.24438740
1,13.3,0.16140218
1,13.3,0.15573400
1,13.3,0.17387673
1,13.3,0.14282185
1,13.3,0.20744896
1,13.3,0.26032832
1,13.3,0.20527010
1,13.3,0.25279146
1,13.3,0.16339126
1,13.3,0.26431009
1,13.4,0.20642765
1,13.4,0.27066293
1,13.4,0.22729051
1,13.4,0.16101211
1,13.4,0.19437385
1,13.4,0.25959533
1,13.4,0.26535767
1,13.4,0.24781208
1,13.4,0.17978495
1,13.4,0.20288756
1,13.4,0.14781907
1,13.4,0.16245306
1,13.4,0.19477487
1,13.4,0.16574824
1,13.4,0.18398203
1,13.4,0.19422200
1,13.4,0.23118162
1,13.4,0.14570376
1,13.4,0.23802723
1,13.4,0.23851123
1,13.4,0.18014176
1,13.4,0.16529624
1,13.4,0.19734675
1,13.4,0.24493311
1,13.4,0.23386821
1,13.4,0.26899320
1,13.4,0.17196700
1,13.4,0.16090816
1,13.4,0.19574681
1,13.4,0.19781801
1,13.4,0.19910783
1,13.4,0.21499366
1,13.4,0.22029327
1,13.4,0.28200552
1,13.4,0.20239156
1,13.4,0.16082066
1,13.4,0.13947345
1,13.4,0.23110715
1,13.4,0.31668657
1,13.4,0.20176144
1,13.4,0.23333655
1,13.4,0.17242278
1,13.4,0.24828331
1,13.4,0.22754458
1,13.4,0.24194759
1,13.4,0.19972400
1,13.4,0.22821397
1,13.4,0.20184439
1,13.4,0.18305022
1,13.4,0.22826149
1,13.4,0.20709330
1,13.4,0.31759441
1,13.4,0.19429538
1,13.4,0.28967661
1,13.4,0.23833758
1,13.4,0.19089900
1,13.4,0.24025999
1,13.4,0.21102941
1,13.4,0.30443701
1,13.4,0.23639031
1,13.4,0.25928649
1,13.4,0.12720267
1,13.4,0.22589810
1,13.4,0.15901595
1,13.4,0.17112884
1,13.4,0.23635718
1,13.4,0.23334241
1,13.4,0.20334086
1,13.4,0.20621562
1,13.5,0.15002406
1,13.5,0.19094470
1,13.5,0.19479194
1,13.5,0.19050281
1,13.5,0.16273002
1,13.5,0.19097146
1,13.5,0.22811882
1,13.5,0.18870553
1,13.5,0.19277763
1,13.5,0.28411248
1,13.5,0.18767574
1,13.5,0.12897629
1,13.5,0.23428164
1,13.5,0.18374266
1,13.5,0.18719372
1,13.5,0.28494781
1,13.5,0.19443490
1,13.5,0.28146771
1,13.5,0.20269118
1,13.5,0.21153420
1,13.5,0.19122878
1,13.5,0.21238431
1,13.5,0.22767086
1,13.5,0.20060179
1,13.5,0.20431311
1,13.5,0.17333946
1,13.5,0.19942693
1,13.5,0.22866334
1,13.5,0.23023142
1,13.5,0.19412100
1,13.5,0.21981657
1,13.5,0.21280889
1,13.5,0.17693269
1,13.5,0.25913495
1,13.5,0.21071596
1,13.5,0.19677316
1,13.5,0.15327574
1,13.5,0.25359580
1,13.5,0.19976634
1,13.5,0.24345979
1,13.5,0.19616422
1,13.5,0.22033429
1,13.5,0.25177753
1,13.5,0.25074261
1,13.5,0.22206315
1,13.5,0.20957603
1,13.5,0.23573324
1,13.5,0.21098311
1,13.5,0.16834161
1,13.5,0.19395456
1,13.5,0.24358508
1,13.5,0.22488278
1,13.5,0.17596270
1,13.5,0.17067167
1,13.5,0.20308581
1,13.5,0.10839410
1,13.5,0.21131144
1,13.5,0.13606115
1,13.5,0.23106192
1,13.5,0.28731278
1,13.5,0.31831372
1,13.5,0.16794701
1,13.5,0.21110871
1,13.5,0.31589469
1,13.5,0.20338239
1,13.5,0.26825389
1,13.5,0.22535916
1,13.5,0.21592778
1,13.6,0.13443796
1,13.6,0.26177672
1,13.6,0.16071431
1,13.6,0.14511608
1,13.6,0.20078385
1,13.6,0.16719535
1,13.6,0.20481437
1,13.6,0.15802906
1,13.6,0.23289369
1,13.6,0.12221145
1,13.6,0.17580992
1,13.6,0.15198809
1,13.6,0.18752578
1,13.6,0.21515331
1,13.6,0.17806901
1,13.6,0.18153355
1,13.6,0.19613905
1,13.6,0.10925788
1,13.6,0.25737375
1,13.6,0.16066830
1,13.6,0.19391569
1,13.6,0.13891241
1,13.6,0.20387469
1,13.6,0.19868237
1,13.6,0.16841695
1,13.6,0.14634362
1,13.6,0.21485595
1,13.6,0.11908623
1,13.6,0.22318590
1,13.6,0.18322918
1,13.6,0.15484077
1,13.6,0.18658496
1,13.6,0.13965194
1,13.6,0.17356528
1,13.6,0.18354757
1,13.6,0.14551587
1,13.6,0.11160363
1,13.6,0.14947368
1,13.6,0.33750066
1,13.6,0.19572651
1,13.6,0.21802829
1,13.6,0.15419890
1,13.6,0.16712776
1,13.6,0.22952195
1,13.6,0.16755107
1,13.6,0.15403235
1,13.6,0.26383623
1,13.6,0.17316662
1,13.6,0.22488075
1,13.6,0.17832340
1,13.6,0.20581843
1,13.6,0.37207872
1,13.6,0.12288738
1,13.6,0.22825909
1,13.6,0.25543252
1,13.6,0.19313367
1,13.6,0.21486059
1,13.6,0.24993150
1,13.6,0.19386613
1,13.6,0.20680155
1,13.6,0.14348279
1,13.6,0.19513601
1,13.6,0.16032851
1,13.6,0.14095326
1,13.6,0.16775253
1,13.6,0.28268197
1,13.6,0.14030954
1,13.6,0.18044774
1,13.6,0.22570801
1,13.7,0.20516996
1,13.7,0.25252178
1,13.7,0.24245287
1,13.7,0.29747128
1,13.7,0.21507756
1,13.7,0.22470918
1,13.7,0.17576140
1,13.7,0.17925113
1,13.7,0.12419336
1,13.7,0.19037272
1,13.7,0.14762044
1,13.7,0.19520301
1,13.7,0.24475183
1,13.7,0.27360743
1,13.7,0.15682885
1,13.7,0.15946278
1,13.7,0.20702475
1,13.7,0.18979050
1,13.7,0.29703829
1,13.7,0.20660408
1,13.7,0.17927442
1,13.7,0.17381269
1,13.7,0.10208823
1,13.7,0.22134328
1,13.7,0.17793134
1,13.7,0.20412932
1,13.7,0.27661952
1,13.7,0.32763889
1,13.7,0.29307002
1,13.7,0.28446972
1,13.7,0.21208650
1,13.7,0.17147903
1,13.7,0.20068868
1,13.7,0.26384223
1,13.7,0.26534575
1,13.7,0.16788700
1,13.7,0.15983157
1,13.7,0.22498618
1,13.7,0.33178988
1,13.7,0.24270949
1,13.7,0.18953006
1,13.7,0.26354465
1,13.7,0.28500047
1,13.7,0.17825155
1,13.7,0.22309153
1,13.7,0.17675433
1,13.7,0.28067884
1,13.7,0.16233014
1,13.7,0.24577418
1,13.7,0.18822634
1,13.7,0.18779382
1,13.7,0.25131118
1,13.7,0.22604127
1,13.7,0.17674556
1,13.7,0.21222284
1,13.7,0.15958650
1,13.7,0.25779870
1,13.7,0.28273144
1,13.7,0.20932440
1,13.7,0.29068106
1,13.7,0.19042931
1,13.7,0.26176620
1,13.7,0.30739534
1,13.7,0.12752143
1,13.7,0.31237820
1,13.7,0.15955585
1,13.7,0.20839864
1,13.7,0.36122534
1,13.7,0.29370075
1,13.8,0.19756384
1,13.8,0.23390086
1,13.8,0.26804653
1,13.8,0.22626124
1,13.8,0.20077009
1,13.8,0.16494389
1,13.8,0.29265183
1,13.8,0.17171057
1,13.8,0.25602323
1,13.8,0.21886328
1,13.8,0.17685403
1,13.8,0.19005615
1,13.8,0.26501617
1,13.8,0.17168269
1,13.8,0.30529794
1,13.8,0.19484000
1,13.8,0.18230778
1,13.8,0.18079546
1,13.8,0.17814910
1,13.8,0.24282017
1,13.8,0.23827189
1,13.8,0.20261037
1,13.8,0.31843194
1,13.8,0.17250741
1,13.8,0.28070462
1,13.8,0.16572827
1,13.8,0.23183528
1,13.8,0.28962156
1,13.8,0.11079644
1,13.8,0.15376370
1,13.8,0.15438099
1,13.8,0.16801466
1,13.8,0.20482664
1,13.8,0.20842093
1,13.8,0.23542728
1,13.8,0.22536463
1,13.8,0.20712528
1,13.8,0.15243997
1,13.8,0.23469780
1,13.8,0.21719094
1,13.8,0.24611443
1,13.8,0.23117167
1,13.8,0.22165480
1,13.8,0.17367055
1,13.8,0.27315980
1,13.8,0.23416099
1,13.8,0.30334580
1,13.8,0.18410958
1,13.8,0.20917413
1,13.8,0.20177385
1,13.8,0.33046710
1,13.8,0.15007278
1,13.8,0.22900364
1,13.8,0.15271626
1,13.8,0.20847216
1,13.8,0.20705920
1,13.8,0.28369775
1,13.8,0.25783172
1,13.8,0.15166256
1,13.8,0.21114834
1,13.8,0.22332177
1,13.8,0.19078606
1,13.8,0.18552920
1,13.8,0.22779281
1,13.8,0.20925745
1,13.8,0.17834610
1,13.8,0.21036023
1,13.8,0.18176512
1,13.8,0.21811797
1,13.9,0.21175332
1,13.9,0.28869379
1,13.9,0.16751574
1,13.9,0.26359722
1,13.9,0.20616406
1,13.9,0.13963030
1,13.9,0.16121942
1,13.9,0.23911181
1,13.9,0.24808514
1,13.9,0.20868744
1,13.9,0.13814545
1,13.9,0.17431530
1,13.9,0.20590021
1,13.9,0.18108328
1,13.9,0.14131841
1,13.9,0.24097797
1,13.9,0.22936328
1,13.9,0.21742938
1,13.9,0.21568628
1,13.9,0.14417402
1,13.9,0.21676402
1,13.9,0.16451490
1,13.9,0.16252328
1,13.9,0.25581586
1,13.9,0.16471462
1,13.9,0.27723205
1,13.9,0.19669141
1,13.9,0.23365159
1,13.9,0.26216263
1,13.9,0.30096349
1,13.9,0.19293329
1,13.9,0.14783570
1,13.9,0.16503306
1,13.9,0.11030705
1,13.9,0.22073343
1,13.9,0.21086065
1,13.9,0.20393375
1,13.9,0.21587673
1,13.9,0.16365972
1,13.9,0.17057106
1,13.9,0.18741266
1,13.9,0.28413826
1,13.9,0.27150786
1,13.9,0.24582326
1,13.9,0.21367031
1,13.9,0.22393087
1,13.9,0.22224693
1,13.9,0.12593721
1,13.9,0.23789586
1,13.9,0.28435713
1,13.9,0.25265557
1,13.9,0.24886741
1,13.9,0.17560430
1,13.9,0.21496150
1,13.9,0.19935124
1,13.9,0.19939318
1,13.9,0.16769448
1,13.9,0.17659464
1,13.9,0.18754496
1,13.9,0.31556556
1,13.9,0.16791253
1,13.9,0.26523638
1,13.9,0.30805656
1,13.9,0.27343768
1,13.9,0.18466750
1,13.9,0.25009787
1,13.9,0.18080768
1,13.9,0.10655538
1,13.9,0.14777863
1,14.0,0.28543392
1,14.0,0.22054131
1,14.0,0.22506973
1,14.0,0.25549048
1,14.0,0.20894064
1,14.0,0.16373453
1,14.0,0.18428721
1,14.0,0.22767329
1,14.0,0.16295309
1,14.0,0.17524868
1,14.0,0.21730152
1,14.0,0.21579114
1,14.0,0.14183049
1,14.0,0.16197892
1,14.0,0.26816535
1,14.0,0.13657053
1,14.0,0.30027032
1,14.0,0.26934811
1,14.0,0.18602966
1,14.0,0.31681359
1,14.0,0.21405742
1,14.0,0.19703911
1,14.0,0.25565240
1,14.0,0.21129979
1,14.0,0.24255261
1,14.0,0.21305573
1,14.0,0.13974886
1,14.0,0.14035042
1,14.0,0.20100492
1,14.0,0.11929555
1,14.0,0.20317930
1,14.0,0.16930926
1,14.0,0.11751124
1,14.0,0.26931733
1,14.0,0.15177113
1,14.0,0.14475591
1,14.0,0.13246429
1,14.0,0.22388753
1,14.0,0.11000074
1,14.0,0.19044535
1,14.0,0.15058620
1,14.0,0.19699633
1,14.0,0.12278024
1,14.0,0.21712384
1,14.0,0.13117218
1,14.0,0.16337611
1,14.0,0.19361688
1,14.0,0.13612545
1,14.0,0.16770735
1,14.0,0.25543666
1,14.0,0.21401973
1,14.0,0.19209237
1,14.0,0.16850379
1,14.0,0.17631176
1,14.0,0.25101274
1,14.0,0.14826818
1,14.0,0.22653186
1,14.0,0.26744947
1,14.0,0.22236206
1,14.0,0.27395815
1,14.0,0.24907337
1,14.0,0.23613718
1,14.0,0.22810514
1,14.0,0.15973124
1,14.0,0.17911877
1,14.0,0.28403398
1,14.0,0.23270595
1,14.0,0.31317040
1,14.1,0.25020060
1,14.1,0.25002530
1,14.1,0.21430853
1,14.1,0.22606333
1,14.1,0.15588322
1,14.1,0.27277946
1,14.1,0.21794482
1,14.1,0.23088667
1,14.1,0.23472708
1,14.1,0.20600992
1,14.1,0.16279696
1,14.1,0.20023808
1,14.1,0.27383053
1,14.1,0.24287611
1,14.1,0.21403225
1,14.1,0.25458953
1,14.1,0.14319465
1,14.1,0.11932965
1,14.1,0.12452963
1,14.1,0.27444011
1,14.1,0.15137833
1,14.1,0.20794332
1,14.1,0.26969782
1,14.1,0.08738810
1,14.1,0.23132999
1,14.1,0.21841128
1,14.1,0.19682232
1,14.1,0.33122405
1,14.1,0.16162376
1,14.1,0.20213038
1,14.1,0.20826726
1,14.1,0.24774192
1,14.1,0.26187670
1,14.1,0.20444283
1,14.1,0.18275408
1,14.1,0.21772866
1,14.1,0.19877423
1,14.1,0.23642875
1,14.1,0.20211035
1,14.1,0.18515731
1,14.1,0.20808659
1,14.1,0.23487993
1,14.1,0.21215135
1,14.1,0.16670343
1,14.1,0.19964521
1,14.1,0.15484162
1,14.1,0.15613583
1,14.1,0.15493809
1,14.1,0.19164693
1,14.1,0.16520056
1,14.1,0.16084777
1,14.1,0.18743247
1,14.1,0.19970615
1,14.1,0.16350465
1,14.1,0.22655816
1,14.1,0.22584215
1,14.1,0.20079076
1,14.1,0.23260513
1,14.1,0.19128641
1,14.1,0.26043305
1,14.1,0.21114948
1,14.1,0.16620091
1,14.1,0.11906958
1,14.1,0.24286012
1,14.1,0.17257230
1,14.1,0.13278741
1,14.1,0.22792561
1,14.1,0.28295627
1,14.1,0.22019620
1,14.2,0.21445891
1,14.2,0.18618643
1,14.2,0.21063857
1,14.2,0.20057207
1,14.2,0.15946898
1,14.2,0.17694280
1,14.2,0.24478094
1,14.2,0.15373583
1,14.2,0.16505627
1,14.2,0.25255489
1,14.2,0.23611872
1,14.2,0.19040601
1,14.2,0.18784988
1,14.2,0.20318964
1,14.2,0.24434362
1,14.2,0.18895036
1,14.2,0.25023466
1,14.2,0.28364688
1,14.2,0.19382998
1,14.2,0.34002030
1,14.2,0.21667036
1,14.2,0.19842167
1,14.2,0.22763672
1,14.2,0.24436030
1,14.2,0.18020138
1,14.2,0.16636039
1,14.2,0.20891996
1,14.2,0.22762397
1,14.2,0.20143142
1,14.2,0.22242343
1,14.2,0.16617955
1,14.2,0.12316038
1,14.2,0.25009152
1,14.2,0.19434412
1,14.2,0.16046251
1,14.2,0.10769334
1,14.2,0.19712432
1,14.2,0.20743681
1,14.2,0.18012001
1,14.2,0.12999399
1,14.2,0.21849087
1,14.2,0.26365775
1,14.2,0.21683836
1,14.2,0.14071426
1,14.2,0.13442761
1,14.2,0.16888657
1,14.2,0.16249172
1,14.2,0.18038967
1,14.2,0.20358351
1,14.2,0.19215240
1,14.2,0.18924104
1,14.2,0.27360970
1,14.2,0.24258725
1,14.2,0.14120765
1,14.2,0.20035098
1,14.2,0.18146688
1,14.2,0.19291000
1,14.2,0.16822369
1,14.2,0.20289692
1,14.2,0.33736834
1,14.2,0.31978071
1,14.2,0.19696102
1,14.2,0.26669475
1,14.2,0.10470503
1,14.2,0.22003911
1,14.2,0.17579293
1,14.2,0.26000506
1,14.2,0.21775962
1,14.2,0.18019155
1,14.3,0.11064842
1,14.3,0.20468161
1,14.3,0.15018360
1,14.3,0.11401045
1,14.3,0.16606984
1,14.3,0.15703496
1,14.3,0.10565294
1,14.3,0.22629592
1,14.3,0.17800421
1,14.3,0.30683133
1,14.3,0.18945077
1,14.3,0.15462953
1,14.3,0.20063670
1,14.3,0.18661873
1,14.3,0.12992463
1,14.3,0.24151219
1,14.3,0.26695064
1,14.3,0.23718616
1,14.3,0.11929689
1,14.3,0.18144588
1,14.3,0.21149856
1,14.3,0.21137705
1,14.3,0.17074087
1,14.3,0.30388656
1,14.3,0.19565602
1,14.3,0.20720327
1,14.3,0.18824185
1,14.3,0.19674501
1,14.3,0.25913042
1,14.3,0.23492217
1,14.3,0.23388311
1,14.3,0.19405563
1,14.3,0.18664950
1,14.3,0.22498444
1,14.3,0.34886801
1,14.3,0.14833353
1,14.3,0.19588032
1,14.3,0.13116215
1,14.3,0.15531290
1,14.3,0.26170668
1,14.3,0.23994395
1,14.3,0.29458255
1,14.3,0.16394407
1,14.3,0.19912821
1,14.3,0.17863727
1,14.3,0.19617914
1,14.3,0.18367775
1,14.3,0.15024135
1,14.3,0.21407330
1,14.3,0.14164895
1,14.3,0.26696908
1,14.3,0.26161662
1,14.3,0.14903255
1,14.3,0.24801925
1,14.3,0.17295319
1,14.3,0.22483034
1,14.3,0.11598184
1,14.3,0.22520892
1,14.3,0.23536304
1,14.3,0.19396383
1,14.3,0.22475098
1,14.3,0.18747453
1,14.3,0.15720670
1,14.3,0.23077595
1,14.3,0.19029374
1,14.3,0.18209161
1,14.3,0.19535781
1,14.3,0.17280234
1,14.3,0.23140815
1,14.4,0.15888326
1,14.4,0.18637067
1,14.4,0.21922423
1,14.4,0.24339829
1,14.4,0.17077246
1,14.4,0.23386598
1,14.4,0.09010263
1,14.4,0.22122848
1,14.4,0.23818518
1,14.4,0.21730629
1,14.4,0.22878015
1,14.4,0.17994572
1,14.4,0.19960789
1,14.4,0.18935592
1,14.4,0.17525351
1,14.4,0.15734844
1,14.4,0.24288271
1,14.4,0.20843966
1,14.4,0.16631828
1,14.4,0.17525871
1,14.4,0.14255702
1,14.4,0.16134672
1,14.4,0.22878610
1,14.4,0.22585866
1,14.4,0.22224662
1,14.4,0.27273408
1,14.4,0.25783670
1,14.4,0.16073857
1,14.4,0.14280404
1,14.4,0.15599851
1,14.4,0.23656271
1,14.4,0.19513844
1,14.4,0.30176997
1,14.4,0.18870473
1,14.4,0.22479723
1,14.4,0.17751430
1,14.4,0.14012592
1,14.4,0.19967982
1,14.4,0.26001483
1,14.4,0.15200675
1,14.4,0.22236660
1,14.4,0.24943438
1,14.4,0.13542724
1,14.4,0.10589185
1,14.4,0.21837100
1,14.4,0.25443152
1,14.4,0.18403749
1,14.4,0.21440433
1,14.4,0.19531162
1,14.4,0.13551971
1,14.4,0.30642921
1,14.4,0.18401375
1,14.4,0.25850287
1,14.4,0.24227951
1,14.4,0.26920363
1,14.4,0.15468021
1,14.4,0.18030387
1,14.4,0.16384859
1,14.4,0.10892397
1,14.4,0.18472242
1,14.4,0.25725526
1,14.4,0.17944135
1,14.4,0.18751559
1,14.4,0.43419436
1,14.4,0.22967659
1,14.4,0.30132884
1,14.4,0.15060355
1,14.4,0.13014004
1,14.4,0.26418298
1,14.5,0.17076364
1,14.5,0.18364364
1,14.5,0.21587794
1,14.5,0.24867705
1,14.5,0.20090222
1,14.5,0.21290332
1,14.5,0.24569519
1,14.5,0.17659898
1,14.5,0.24052691
1,14.5,0.34190932
1,14.5,0.17021979
1,14.5,0.17587849
1,14.5,0.20484249
1,14.5,0.21194153
1,14.5,0.18854961
1,14.5,0.27678740
1,14.5,0.20455091
1,14.5,0.21233773
1,14.5,0.25175712
1,14.5,0.13262716
1,14.5,0.23753607
1,14.5,0.20181789
1,14.5,0.23867343
1,14.5,0.24334854
1,14.5,0.22967917
1,14.5,0.24274801
1,14.5,0.24890652
1,14.5,0.19028878
1,14.5,0.23951951
1,14.5,0.23817354
1,14.5,0.16349106
1,14.5,0.17022175
1,14.5,0.19697379
1,14.5,0.27211344
1,14.5,0.12490685
1,14.5,0.19378860
1,14.5,0.11252061
1,14.5,0.13522463
1,14.5,0.18464430
1,14.5,0.17965825
1,14.5,0.24830733
1,14.5,0.25923285
1,14.5,0.21678619
1,14.5,0.15716474
1,14.5,0.20236348
1,14.5,0.26081699
1,14.5,0.19386816
1,14.5,0.24109747
1,14.5,0.18486884
1,14.5,0.24902192
1,14.5,0.32553229
1,14.5,0.20937645
1,14.5,0.26364332
1,14.5,0.23593779
1,14.5,0.28746966
1,14.5,0.29726538
1,14.5,0.12457087
1,14.5,0.23056749
1,14.5,0.31435049
1,14.5,0.29022598
1,14.5,0.16443923
1,14.5,0.18979216
1,14.5,0.26629457
1,14.5,0.13394679
1,14.5,0.16364536
1,14.5,0.23453505
1,14.5,0.12338465
1,14.5,0.26339471
1,14.6,0.10746291
1,14.6,0.24902923
1,14.6,0.22142445
1,14.6,0.18769205
1,14.6,0.21337670
1,14.6,0.14631990
1,14.6,0.24203104
1,14.6,0.25757930
1,14.6,0.19965619
1,14.6,0.25514558
1,14.6,0.25870097
1,14.6,0.18133198
1,14.6,0.16720635
1,14.6,0.17661521
1,14.6,0.22626638
1,14.6,0.21570167
1,14.6,0.16622172
1,14.6,0.19992061
1,14.6,0.23309386
1,14.6,0.33631203
1,14.6,0.21761310
1,14.6,0.29513058
1,14.6,0.18801060
1,14.6,0.23967610
1,14.6,0.19405477
1,14.6,0.19525552
1,14.6,0.13809200
1,14.6,0.22207540
1,14.6,0.13541600
1,14.6,0.11848344
1,14.6,0.13217022
1,14.6,0.16563605
1,14.6,0.16355664
1,14.6,0.26584259
1,14.6,0.21407139
1,14.6,0.23225290
1,14.6,0.30321354
1,14.6,0.14539522
1,14.6,0.18358201
1,14.6,0.20729193
1,14.6,0.15598860
1,14.6,0.12352917
1,14.6,0.19293208
1,14.6,0.18113643
1,14.6,0.18314496
1,14.6,0.24334946
1,14.6,0.24352077
1,14.6,0.23941430
1,14.6,0.29700023
1,14.6,0.19812045
1,14.6,0.14909628
1,14.6,0.13628931
1,14.6,0.25160688
1,14.6,0.16766703
1,14.6,0.19086753
1,14.6,0.20267633
1,14.6,0.15882953
1,14.6,0.24055177
1,14.6,0.16483793
1,14.6,0.22598405
1,14.6,0.24994199
1,14.6,0.20055029
1,14.6,0.17628887
1,14.6,0.19728813
1,14.6,0.09970833
1,14.6,0.12726948
1,14.6,0.16089135
1,14.6,0.17361629
1,14.6,0.23087287
1,14.7,0.28729224
1,14.7,0.28708571
1,14.7,0.18832670
1,14.7,0.16015680
1,14.7,0.20215935
1,14.7,0.13246538
1,14.7,0.18727835
1,14.7,0.25127167
1,14.7,0.16597156
1,14.7,0.16112453
1,14.7,0.16844501
1,14.7,0.27895051
1,14.7,0.26793665
1,14.7,0.26461899
1,14.7,0.19908684
1,14.7,0.20852128
1,14.7,0.29269034
1,14.7,0.21022187
1,14.7,0.14711505
1,14.7,0.17583808
1,14.7,0.19789061
1,14.7,0.20514184
1,14.7,0.23490441
1,14.7,0.20148250
1,14.7,0.26578143
1,14.7,0.15553544
1,14.7,0.17865002
1,14.7,0.24823722
1,14.7,0.12710980
1,14.7,0.26032925
1,14.7,0.26232314
1,14.7,0.19895729
1,14.7,0.19448063
1,14.7,0.14235793
1,14.7,0.18099084
1,14.7,0.15921029
1,14.7,0.31553638
1,14.7,0.21351488
1,14.7,0.25635427
1,14.7,0.12024006
1,14.7,0.16169392
1,14.7,0.20572028
1,14.7,0.19222189
1,14.7,0.18138428
1,14.7,0.18115143
1,14.7,0.19515152
1,14.7,0.12476866
1,14.7,0.21443844
1,14.7,0.18560328
1,14.7,0.19387175
1,14.7,0.12689029
1,14.7,0.11531705
1,14.7,0.17258427
1,14.7,0.19429114
1,14.7,0.19797261
1,14.7,0.22266392
1,14.7,0.21945253
1,14.7,0.20644866
1,14.7,0.12335262
1,14.7,0.22075294
1,14.7,0.20489651
1,14.7,0.20690307
1,14.7,0.17809291
1,14.7,0.16977412
1,14.7,0.15446107
1,14.7,0.23274007
1,14.7,0.20509073
1,14.7,0.24151953
1,14.7,0.18120866
1,14.8,0.23990428
1,14.8,0.25656167
1,14.8,0.27891794
1,14.8,0.19187304
1,14.8,0.24396186
1,14.8,0.18402657
1,14.8,0.15348427
1,14.8,0.12104321
1,14.8,0.19089894
1,14.8,0.16675422
1,14.8,0.25062621
1,14.8,0.24174385
1,14.8,0.21410330
1,14.8,0.20313361
1,14.8,0.35523376
1,14.8,0.25467688
1,14.8,0.18794519
1,14.8,0.19155860
1,14.8,0.24895328
1,14.8,0.22242966
1,14.8,0.19630910
1,14.8,0.18253630
1,14.8,0.26947388
1,14.8,0.24982719
1,14.8,0.12570910
1,14.8,0.19995563
1,14.8,0.25331706
1,14.8,0.23694073
1,14.8,0.29793975
1,14.8,0.18238348
1,14.8,0.16471593
1,14.8,0.16021484
1,14.8,0.20889862
1,14.8,0.20945908
1,14.8,0.18950856
1,14.8,0.18268697
1,14.8,0.23076147
1,14.8,0.21682246
1,14.8,0.21149874
1,14.8,0.11768454
1,14.8,0.21680239
1,14.8,0.23104708
1,14.8,0.14543867
1,14.8,0.33438474
1,14.8,0.18583590
1,14.8,0.16597231
1,14.8,0.19253924
1,14.8,0.20669509
1,14.8,0.16608633
1,14.8,0.25223422
1,14.8,0.09100300
1,14.8,0.21606031
1,14.8,0.21273112
1,14.8,0.15013136
1,14.8,0.17375593
1,14.8,0.33108976
1,14.8,0.10616609
1,14.8,0.26952812
1,14.8,0.24107377
1,14.8,0.18275315
1,14.8,0.21007621
1,14.8,0.21279638
1,14.8,0.19948262
1,14.8,0.21277711
1,14.8,0.28000441
1,14.8,0.22249004
1,14.8,0.15677364
1,14.8,0.21192147
1,14.8,0.19780004
1,14.9,0.18915053
1,14.9,0.28518254
1,14.9,0.24765235
1,14.9,0.27775383
1,14.9,0.23204109
1,14.9,0.20987935
1,14.9,0.30884582
1,14.9,0.25182620
1,14.9,0.19368383
1,14.9,0.22003701
1,14.9,0.20494159
1,14.9,0.20972548
1,14.9,0.21734707
1,14.9,0.20710720
1,14.9,0.19759074
1,14.9,0.15506271
1,14.9,0.21681826
1,14.9,0.15919682
1,14.9,0.18857059
1,14.9,0.22713332
1,14.9,0.19768587
1,14.9,0.16326323
1,14.9,0.20166698
1,14.9,0.14027588
1,14.9,0.26233831
1,14.9,0.16626492
1,14.9,0.18325458
1,14.9,0.20165944
1,14.9,0.25813055
1,14.9,0.17203523
1,14.9,0.10501897
1,14.9,0.23494782
1,14.9,0.28442636
1,14.9,0.23773566
1,14.9,0.19614521
1,14.9,0.22149847
1,14.9,0.14863257
1,14.9,0.12752415
1,14.9,0.21185431
1,14.9,0.20073168
1,14.9,0.26413032
1,14.9,0.23242624
1,14.9,0.18118466
1,14.9,0.20820478
1,14.9,0.10694814
1,14.9,0.13021268
1,14.9,0.26979947
1,14.9,0.14486182
1,14.9,0.23832029
1,14.9,0.19849226
1,14.9,0.19301297
1,14.9,0.14289075
1,14.9,0.16967949
1,14.9,0.27124006
1,14.9,0.12543593
1,14.9,0.19944125
1,14.9,0.21701422
1,14.9,0.26713985
1,14.9,0.24328630
1,14.9,0.20935398
1,14.9,0.23388574
1,14.9,0.19474888
1,14.9,0.28921220
1,14.9,0.31758636
1,14.9,0.17044468
1,14.9,0.19932218
1,14.9,0.16954616
1,14.9,0.15325055
1,15.0,0.13426563
1,15.0,0.20738329
1,15.0,0.18705598
1,15.0,0.19904922
1,15.0,0.20117356
1,15.0,0.25541261
1,15.0,0.19990820
1,15.0,0.21070771
1,15.0,0.20412514
1,15.0,0.25883129
1,15.0,0.23120931
1,15.0,0.11953318
1,15.0,0.16963170
1,15.0,0.22550949
1,15.0,0.12669437
1,15.0,0.22539805
1,15.0,0.22566935
1,15.0,0.27764404
1,15.0,0.22990268
1,15.0,0.22542726
1,15.0,0.15025090
1,15.0,0.11786745
1,15.0,0.17995796
1,15.0,0.20551984
1,15.0,0.24145602
1,15.0,0.24088903
1,15.0,0.17703199
1,15.0,0.21164849
1,15.0,0.17800961
1,15.0,0.14307116
1,15.0,0.15190853
1,15.0,0.18011928
1,15.0,0.25001600
1,15.0,0.24108091
1,15.0,0.16143496
1,15.0,0.20635457
1,15.0,0.21335176
1,15.0,0.18402144
1,15.0,0.15892412
1,15.0,0.22473863
1,15.0,0.22017927
1,15.0,0.23639788
1,15.0,0.16168404
1,15.0,0.20708680
1,15.0,0.25773919
1,15.0,0.23443167
1,15.0,0.19868742
1,15.0,0.19336116
1,15.0,0.21223348
1,15.0,0.24931407
1,15.0,0.18728547
1,15.0,0.19633996
1,15.0,0.22553965
1,15.0,0.19421507
1,15.0,0.24882953
1,15.0,0.20573631
1,15.0,0.15930948
1,15.0,0.19247678
1,15.0,0.18822654
1,15.0,0.21324794
1,15.0,0.19421384
1,15.0,0.21070223
1,15.0,0.27493626
1,15.0,0.16979244
1,15.0,0.16140135
1,15.0,0.23192677
1,15.0,0.19062366
1,15.0,0.15124376
1,15.0,0.23164618
1,15.1,0.19450110
1,15.1,0.16217105
1,15.1,0.18678609
1,15.1,0.25588444
1,15.1,0.17667304
1,15.1,0.14890496
1,15.1,0.16249745
1,15.1,0.22166730
1,15.1,0.15538561
1,15.1,0.20631486
1,15.1,0.26673934
1,15.1,0.16711774
1,15.1,0.20095044
1,15.1,0.16838390
1,15.1,0.14109534
1,15.1,0.13181993
1,15.1,0.18172507
1,15.1,0.23609999
1,15.1,0.12067129
1,15.1,0.16645227
1,15.1,0.22133884
1,15.1,0.20712116
1,15.1,0.20559193
1,15.1,0.22174220
1,15.1,0.14940287
1,15.1,0.20223331
1,15.1,0.19085777
1,15.1,0.23858534
1,15.1,0.25882897
1,15.1,0.22523166
1,15.1,0.15849426
1,15.1,0.21026479
1,15.1,0.16767661
1,15.1,0.14064446
1,15.1,0.23597522
1,15.1,0.20427643
1,15.1,0.18225783
1,15.1,0.16686013
1,15.1,0.22490296
1,15.1,0.21996039
1,15.1,0.25942498
1,15.1,0.18371823
1,15.1,0.15154044
1,15.1,0.15144262
1,15.1,0.23140030
1,15.1,0.25232148
1,15.1,0.17954777
1,15.1,0.18284021
1,15.1,0.21738367
1,15.1,0.17613325
1,15.1,0.17563966
1,15.1,0.19869266
1,15.1,0.16605537
1,15.1,0.17377213
1,15.1,0.19854566
1,15.1,0.12965848
1,15.1,0.15766621
1,15.1,0.18592688
1,15.1,0.13451308
1,15.1,0.25531763
1,15.1,0.23334926
1,15.1,0.18174356
1,15.1,0.24943818
1,15.1,0.23985551
1,15.1,0.16144300
1,15.1,0.17169392
1,15.1,0.19512522
1,15.1,0.10799698
1,15.1,0.13336875
1,15.2,0.22046018
1,15.2,0.17928016
1,15.2,0.24879272
1,15.2,0.18508613
1,15.2,0.22432272
1,15.2,0.22332418
1,15.2,0.28010336
1,15.2,0.19375877
1,15.2,0.17843480
1,15.2,0.17732090
1,15.2,0.22769800
1,15.2,0.12404814
1,15.2,0.19274494
1,15.2,0.16409500
1,15.2,0.14743212
1,15.2,0.18165173
1,15.2,0.22681637
1,15.2,0.24953385
1,15.2,0.26258624
1,15.2,0.18393743
1,15.2,0.25127032
1,15.2,0.17172174
1,15.2,0.16337088
1,15.2,0.19706555
1,15.2,0.18819256
1,15.2,0.16856518
1,15.2,0.14369841
1,15.2,0.17532684
1,15.2,0.19520894
1,15.2,0.17818265
1,15.2,0.15994233
1,15.2,0.26382816
1,15.2,0.25827342
1,15.2,0.24456017
1,15.2,0.23464160
1,15.2,0.17106977
1,15.2,0.24034379
1,15.2,0.21483827
1,15.2,0.18776414
1,15.2,0.23337917
1,15.2,0.26322183
1,15.2,0.30583853
1,15.2,0.37849599
1,15.2,0.31055319
1,15.2,0.18129604
1,15.2,0.19577181
1,15.2,0.20167719
1,15.2,0.15812854
1,15.2,0.09782649
1,15.2,0.22298506
1,15.2,0.18489711
1,15.2,0.13332678
1,15.2,0.25568706
1,15.2,0.17355338
1,15.2,0.19793423
1,15.2,0.26924545
1,15.2,0.24663419
1,15.2,0.11535688
1,15.2,0.29130226
1,15.2,0.15645899
1,15.2,0.27516657
1,15.2,0.12752436
1,15.2,0.12019958
1,15.2,0.16246279
1,15.2,0.14632170
1,15.2,0.23171265
1,15.2,0.23915075
1,15.2,0.24274807
1,15.2,0.20089893
1,15.3,0.25370336
1,15.3,0.18490002
1,15.3,0.23489551
1,15.3,0.19394526
1,15.3,0.23613279
1,15.3,0.19230364
1,15.3,0.15010430
1,15.3,0.23021060
1,15.3,0.15376583
1,15.3,0.22329397
1,15.3,0.27507603
1,15.3,0.30294678
1,15.3,0.18274111
1,15.3,0.22266772
1,15.3,0.29104090
1,15.3,0.17894123
1,15.3,0.15937304
1,15.3,0.32850772
1,15.3,0.15240784
1,15.3,0.22840366
1,15.3,0.18150614
1,15.3,0.22053838
1,15.3,0.20720431
1,15.3,0.25759259
1,15.3,0.14071213
1,15.3,0.23942676
1,15.3,0.23284152
1,15.3,0.18036085
1,15.3,0.17809427
1,15.3,0.16717523
1,15.3,0.23748264
1,15.3,0.22208361
1,15.3,0.30897105
1,15.3,0.21915457
1,15.3,0.21163237
1,15.3,0.23526983
1,15.3,0.28498954
1,15.3,0.18480514
1,15.3,0.17952026
1,15.3,0.25960088
1,15.3,0.17149509
1,15.3,0.16519052
1,15.3,0.18963575
1,15.3,0.27957281
1,15.3,0.26856893
1,15.3,0.18555090
1,15.3,0.19875285
1,15.3,0.28455883
1,15.3,0.16266881
1,15.3,0.25052139
1,15.3,0.21148244
1,15.3,0.20745967
1,15.3,0.28591606
1,15.3,0.24747674
1,15.3,0.16486800
1,15.3,0.16903248
1,15.3,0.18644409
1,15.3,0.13017173
1,15.3,0.18197787
1,15.3,0.25226057
1,15.3,0.16947615
1,15.3,0.21788096
1,15.3,0.21426161
1,15.3,0.19119701
1,15.3,0.22210044
1,15.3,0.23048858
1,15.3,0.17924845
1,15.3,0.12311536
1,15.3,0.23418452
1,15.4,0.19435425
1,15.4,0.16087762
1,15.4,0.23933807
1,15.4,0.17930233
1,15.4,0.24883236
1,15.4,0.14483553
1,15.4,0.21339433
1,15.4,0.12487188
1,15.4,0.15303704
1,15.4,0.23232149
1,15.4,0.17211874
1,15.4,0.17871921
1,15.4,0.29368085
1,15.4,0.22282012
1,15.4,0.22807939
1,15.4,0.25729865
1,15.4,0.15416713
1,15.4,0.23276000
1,15.4,0.18540454
1,15.4,0.26170710
1,15.4,0.26986730
1,15.4,0.21418256
1,15.4,0.15387602
1,15.4,0.18193781
1,15.4,0.20486531
1,15.4,0.20317130
1,15.4,0.18863226
1,15.4,0.23864524
1,15.4,0.19466148
1,15.4,0.15018676
1,15.4,0.22811504
1,15.4,0.31673053
1,15.4,0.25872606
1,15.4,0.30542788
1,15.4,0.16440679
1,15.4,0.23088257
1,15.4,0.16849807
1,15.4,0.19351543
1,15.4,0.17041342
1,15.4,0.12777999
1,15.4,0.23102553
1,15.4,0.13710172
1,15.4,0.15349489
1,15.4,0.23861785
1,15.4,0.17211899
1,15.4,0.28224546
1,15.4,0.18582574
1,15.4,0.15561903
1,15.4,0.20353608
1,15.4,0.22078787
1,15.4,0.16805702
1,15.4,0.17490616
1,15.4,0.26791111
1,15.4,0.15515441
1,15.4,0.31082460
1,15.4,0.25864375
1,15.4,0.20978115
1,15.4,0.23058560
1,15.4,0.22985774
1,15.4,0.28124711
1,15.4,0.19222403
1,15.4,0.19451778
1,15.4,0.24940287
1,15.4,0.23452541
1,15.4,0.17333588
1,15.4,0.18854724
1,15.4,0.17263153
1,15.4,0.23624371
1,15.5,0.24393032
1,15.5,0.22580528
1,15.5,0.24424334
1,15.5,0.18943743
1,15.5,0.16555034
1,15.5,0.18237177
1,15.5,0.21619870
1,15.5,0.18927129
1,15.5,0.15401043
1,15.5,0.20858350
1,15.5,0.21766147
1,15.5,0.20388485
1,15.5,0.18749532
1,15.5,0.15000629
1,15.5,0.16201210
1,15.5,0.18790641
1,15.5,0.12809208
1,15.5,0.21380518
1,15.5,0.30842638
1,15.5,0.21899284
1,15.5,0.19573244
1,15.5,0.21751407
1,15.5,0.18079059
1,15.5,0.21243572
1,15.5,0.18726283
1,15.5,0.20497853
1,15.5,0.19136021
1,15.5,0.21770063
1,15.5,0.18144691
1,15.5,0.25797603
1,15.5,0.24284653
1,15.5,0.18274519
1,15.5,0.14604545
1,15.5,0.14691706
1,15.5,0.21788016
1,15.5,0.24129914
1,15.5,0.25070864
1,15.5,0.19945300
1,15.5,0.20026928
1,15.5,0.25450140
1,15.5,0.20868462
1,15.5,0.20115215
1,15.5,0.18017340
1,15.5,0.21218835
1,15.5,0.19463862
1,15.5,0.21784329
1,15.5,0.20555267
1,15.5,0.22392821
1,15.5,0.32880050
1,15.5,0.22518262
1,15.5,0.21519974
1,15.5,0.21746042
1,15.5,0.20604658
1,15.5,0.10922793
1,15.5,0.22016814
1,15.5,0.19869590
1,15.5,0.20954409
1,15.5,0.27342346
1,15.5,0.19782776
1,15.5,0.16344787
1,15.5,0.21747059
1,15.5,0.18084501
1,15.5,0.15283085
1,15.5,0.22168499
1,15.5,0.16471241
1,15.5,0.15007547
1,15.5,0.21724544
1,15.5,0.19762391
1,15.5,0.15578710
1,15.6,0.21055405
1,15.6,0.21872050
1,15.6,0.14997555
1,15.6,0.12843172
1,15.6,0.20038228
1,15.6,0.23843104
1,15.6,0.15055467
1,15.6,0.20582309
1,15.6,0.20020957
1,15.6,0.13276720
1,15.6,0.15505785
1,15.6,0.22321884
1,15.6,0.24900259
1,15.6,0.22307406
1,15.6,0.18090124
1,15.6,0.21443944
1,15.6,0.13504572
1,15.6,0.18479119
1,15.6,0.21770057
1,15.6,0.12248295
1,15.6,0.12267405
1,15.6,0.21471256
1,15.6,0.21524253
1,15.6,0.14653473
1,15.6,0.27150384
1,15.6,0.13965437
1,15.6,0.17426370
1,15.6,0.18906486
1,15.6,0.20627071
1,15.6,0.23291753
1,15.6,0.21136212
1,15.6,0.15908866
1,15.6,0.20241840
1,15.6,0.28337663
1,15.6,0.15445992
1,15.6,0.28485849
1,15.6,0.21038240
1,15.6,0.16876128
1,15.6,0.19856071
1,15.6,0.11806680
1,15.6,0.16576266
1,15.6,0.20926368
1,15.6,0.18259841
1,15.6,0.27163738
1,15.6,0.19028977
1,15.6,0.21090193
1,15.6,0.21641310
1,15.6,0.21661910
1,15.6,0.19634305
1,15.6,0.28133169
1,15.6,0.22349620
1,15.6,0.23914339
1,15.6,0.19624546
1,15.6,0.19466017
1,15.6,0.15358227
1,15.6,0.15035389
1,15.6,0.25080132
1,15.6,0.27181920
1,15.6,0.20207761
1,15.6,0.16998287
1,15.6,0.23070051
1,15.6,0.20040129
1,15.6,0.19452977
1,15.6,0.22447126
1,15.6,0.12919381
1,15.6,0.15904436
1,15.6,0.23116000
1,15.6,0.18668629
1,15.6,0.20411730
1,15.7,0.17279841
1,15.7,0.19093095
1,15.7,0.14919509
1,15.7,0.22915900
1,15.7,0.35318899
1,15.7,0.19556460
1,15.7,0.14784323
1,15.7,0.10691428
1,15.7,0.21336734
1,15.7,0.18709737
1,15.7,0.21400787
1,15.7,0.23774390
1,15.7,0.22626150
1,15.7,0.15471001
1,15.7,0.14760202
1,15.7,0.16942407
1,15.7,0.21371967
1,15.7,0.19043614
1,15.7,0.16551296
1,15.7,0.21316648
1,15.7,0.25598449
1,15.7,0.21718858
1,15.7,0.21035300
1,15.7,0.17686251
1,15.7,0.23336348
1,15.7,0.12807782
1,15.7,0.17282285
1,15.7,0.25185513
1,15.7,0.10044055
1,15.7,0.26355550
1,15.7,0.19613858
1,15.7,0.25235352
1,15.7,0.18403338
1,15.7,0.13514453
1,15.7,0.20520815
1,15.7,0.12556221
1,15.7,0.21881422
1,15.7,0.24491431
1,15.7,0.18541028
1,15.7,0.11162458
1,15.7,0.19199124
1,15.7,0.17925675
1,15.7,0.23293616
1,15.7,0.22372974
1,15.7,0.12192348
1,15.7,0.19385603
1,15.7,0.10040470
1,15.7,0.21191745
1,15.7,0.12627278
1,15.7,0.26626340
1,15.7,0.17231236
1,15.7,0.13380118
1,15.7,0.20889984
1,15.7,0.15426207
1,15.7,0.18584904
1,15.7,0.28401569
1,15.7,0.13904682
1,15.7,0.22077951
1,15.7,0.17659330
1,15.7,0.09744377
1,15.7,0.27961695
1,15.7,0.26151279
1,15.7,0.19763678
1,15.7,0.15571252
1,15.7,0.10978700
1,15.7,0.21086182
1,15.7,0.14627384
1,15.7,0.22376178
1,15.7,0.18799201
1,15.8,0.19631962
1,15.8,0.19658193
1,15.8,0.18476567
1,15.8,0.27636853
1,15.8,0.23043162
1,15.8,0.24125187
1,15.8,0.25089023
1,15.8,0.15044975
1,15.8,0.16609068
1,15.8,0.31246549
1,15.8,0.22859731
1,15.8,0.22470391
1,15.8,0.12382509
1,15.8,0.19470000
1,15.8,0.15373035
1,15.8,0.24294901
1,15.8,0.22384611
1,15.8,0.24476297
1,15.8,0.22523931
1,15.8,0.27165574
1,15.8,0.21675256
1,15.8,0.20669287
1,15.8,0.15799764
1,15.8,0.25449565
1,15.8,0.16352178
1,15.8,0.18646072
1,15.8,0.21773563
1,15.8,0.27332553
1,15.8,0.25184396
1,15.8,0.19349007
1,15.8,0.13931574
1,15.8,0.15432304
1,15.8,0.18281087
1,15.8,0.21551947
1,15.8,0.20819591
1,15.8,0.11143601
1,15.8,0.10969055
1,15.8,0.22734541
1,15.8,0.16504619
1,15.8,0.21235056
1,15.8,0.15046082
1,15.8,0.25477886
1,15.8,0.19330898
1,15.8,0.18634647
1,15.8,0.20264605
1,15.8,0.19784960
1,15.8,0.19107431
1,15.8,0.15076488
1,15.8,0.22244024
1,15.8,0.30897352
1,15.8,0.15012731
1,15.8,0.18778603
1,15.8,0.14793405
1,15.8,0.22077042
1,15.8,0.15520714
1,15.8,0.22028686
1,15.8,0.20321983
1,15.8,0.16391638
1,15.8,0.18946397
1,15.8,0.19792610
1,15.8,0.13269579
1,15.8,0.20113407
1,15.8,0.24600337
1,15.8,0.15358838
1,15.8,0.18219948
1,15.8,0.22007073
1,15.8,0.30583093
1,15.8,0.26008269
1,15.8,0.20280552
1,15.9,0.21927761
1,15.9,0.22613132
1,15.9,0.14272355
1,15.9,0.23502779
1,15.9,0.27142513
1,15.9,0.37387484
1,15.9,0.31440687
1,15.9,0.27704391
1,15.9,0.21348377
1,15.9,0.20284776
1,15.9,0.19009845
1,15.9,0.18723777
1,15.9,0.19778544
1,15.9,0.20121549
1,15.9,0.19548407
1,15.9,0.22685817
1,15.9,0.16220440
1,15.9,0.17938380
1,15.9,0.20547836
1,15.9,0.12999099
1,15.9,0.18042068
1,15.9,0.18902802
1,15.9,0.15833680
1,15.9,0.18725650
1,15.9,0.23918961
1,15.9,0.16593462
1,15.9,0.18825316
1,15.9,0.13548277
1,15.9,0.23252742
1,15.9,0.30037859
1,15.9,0.21827656
1,15.9,0.32086825
1,15.9,0.12352745
1,15.9,0.21178102
1,15.9,0.27047640
1,15.9,0.19147278
1,15.9,0.16274081
1,15.9,0.25536162
1,15.9,0.18145829
1,15.9,0.19688749
1,15.9,0.26644987
1,15.9,0.18656641
1,15.9,0.20620885
1,15.9,0.16362412
1,15.9,0.19014420
1,15.9,0.18965292
1,15.9,0.20956984
1,15.9,0.16965550
1,15.9,0.23501703
1,15.9,0.16760518
1,15.9,0.14464261
1,15.9,0.18283084
1,15.9,0.20412634
1,15.9,0.12291290
1,15.9,0.19672728
1,15.9,0.26273093
1,15.9,0.14635970
1,15.9,0.19800079
1,15.9,0.14437148
1,15.9,0.18963702
1,15.9,0.19596127
1,15.9,0.15923735
1,15.9,0.23487204
1,15.9,0.12539941
1,15.9,0.22014350
1,15.9,0.28551629
1,15.9,0.24611372
1,15.9,0.22177625
1,16.0,0.24896659
1,16.0,0.15979534
1,16.0,0.17106982
1,16.0,0.10318394
1,16.0,0.20362762
1,16.0,0.19585973
1,16.0,0.29313275
1,16.0,0.18161339
1,16.0,0.18515451
1,16.0,0.28340948
1,16.0,0.25289765
1,16.0,0.18899402
1,16.0,0.20072164
1,16.0,0.13622086
1,16.0,0.22079518
1,16.0,0.25580430
1,16.0,0.21078661
1,16.0,0.28659341
1,16.0,0.22151665
1,16.0,0.24738136
1,16.0,0.17471340
1,16.0,0.19012018
1,16.0,0.22558348
1,16.0,0.17600423
1,16.0,0.15544546
1,16.0,0.24009266
1,16.0,0.15476809
1,16.0,0.29693213
1,16.0,0.22840539
1,16.0,0.22472806
1,16.0,0.22126763
1,16.0,0.18404239
1,16.0,0.20120919
1,16.0,0.17901599
1,16.0,0.22591019
1,16.0,0.19121954
1,16.0,0.12006053
1,16.0,0.29691133
1,16.0,0.17047432
1,16.0,0.18549061
1,16.0,0.22555690
1,16.0,0.14817908
1,16.0,0.25392109
1,16.0,0.21712668
1,16.0,0.14331010
1,16.0,0.25561413
1,16.0,0.19900899
1,16.0,0.19373786
1,16.0,0.16530831
1,16.0,0.21344523
1,16.0,0.23486978
1,16.0,0.25340343
1,16.0,0.25622687
1,16.0,0.27795646
1,16.0,0.14931341
1,16.0,0.13555196
1,16.0,0.15590580
1,16.0,0.23521960
1,16.0,0.14706299
1,16.0,0.15157062
1,16.0,0.24208513
1,16.0,0.17577973
1,16.0,0.19401464
1,16.0,0.19986320
1,16.0,0.15805610
1,16.0,0.20163846
1,16.0,0.16274334
1,16.0,0.27132857
1,16.0,0.19365756
1,16.1,0.18326150
1,16.1,0.14749925
1,16.1,0.21340488
1,16.1,0.21783234
1,16.1,0.27615434
1,16.1,0.16955473
1,16.1,0.23386107
1,16.1,0.21972489
1,16.1,0.15605731
1,16.1,0.20740490
1,16.1,0.11726479
1,16.1,0.20547885
1,16.1,0.17766760
1,16.1,0.18526384
1,16.1,0.17496163
1,16.1,0.22412185
1,16.1,0.17137171
1,16.1,0.10991533
1,16.1,0.22089955
1,16.1,0.16652583
1,16.1,0.14195228
1,16.1,0.16777281
1,16.1,0.17062967
1,16.1,0.14389119
1,16.1,0.27722320
1,16.1,0.18936856
1,16.1,0.22811754
1,16.1,0.19209175
1,16.1,0.18448207
1,16.1,0.24916224
1,16.1,0.24622652
1,16.1,0.24331371
1,16.1,0.20550442
1,16.1,0.16129795
1,16.1,0.18718903
1,16.1,0.14717902
1,16.1,0.23799217
1,16.1,0.17439842
1,16.1,0.32192001
1,16.1,0.40336850
1,16.1,0.25038853
1,16.1,0.23306261
1,16.1,0.34858090
1,16.1,0.24973583
1,16.1,0.26511550
1,16.1,0.21826161
1,16.1,0.23013470
1,16.1,0.22060493
1,16.1,0.30303717
1,16.1,0.32544976
1,16.1,0.21843310
1,16.1,0.23240422
1,16.1,0.17181288
1,16.1,0.14214076
1,16.1,0.30366483
1,16.1,0.28363678
1,16.1,0.20801310
1,16.1,0.16270010
1,16.1,0.18569329
1,16.1,0.27027255
1,16.1,0.20194685
1,16.1,0.21019267
1,16.1,0.18962181
1,16.1,0.17314066
1,16.1,0.16639492
1,16.1,0.30015296
1,16.1,0.20673466
1,16.1,0.21369031
1,16.1,0.16743556
1,16.2,0.23712295
1,16.2,0.18100801
1,16.2,0.13761622
1,16.2,0.20878057
1,16.2,0.24117792
1,16.2,0.30478221
1,16.2,0.25146395
1,16.2,0.20141444
1,16.2,0.20613238
1,16.2,0.19506931
1,16.2,0.20548396
1,16.2,0.15533984
1,16.2,0.24709812
1,16.2,0.24288023
1,16.2,0.33903840
1,16.2,0.18503973
1,16.2,0.25216335
1,16.2,0.16737971
1,16.2,0.18974426
1,16.2,0.13128951
1,16.2,0.17158851
1,16.2,0.22893870
1,16.2,0.14674132
1,16.2,0.19743390
1,16.2,0.23018688
1,16.2,0.22705932
1,16.2,0.24570085
1,16.2,0.23825125
1,16.2,0.17785703
1,16.2,0.28266090
1,16.2,0.17955887
1,16.2,0.16597259
1,16.2,0.16385305
1,16.2,0.22240581
1,16.2,0.16766222
1,16.2,0.17315936
1,16.2,0.25493610
1,16.2,0.16368707
1,16.2,0.17791577
1,16.2,0.14185145
1,16.2,0.21663952
1,16.2,0.16057043
1,16.2,0.23521017
1,16.2,0.18425471
1,16.2,0.18265127
1,16.2,0.17189497
1,16.2,0.26528457
1,16.2,0.24630666
1,16.2,0.20262432
1,16.2,0.14980900
1,16.2,0.26442403
1,16.2,0.12997253
1,16.2,0.19345602
1,16.2,0.24886559
1,16.2,0.14229698
1,16.2,0.15700553
1,16.2,0.19931962
1,16.2,0.18296461
1,16.2,0.16376729
1,16.2,0.16311620
1,16.2,0.14596824
1,16.2,0.12864584
1,16.2,0.15443392
1,16.2,0.21854818
1,16.2,0.21593592
1,16.2,0.24441017
1,16.2,0.22819337
1,16.2,0.17731999
1,16.2,0.22281104
1,16.3,0.29023045
1,16.3,0.17128101
1,16.3,0.16081710
1,16.3,0.16819789
1,16.3,0.23431700
1,16.3,0.18013547
1,16.3,0.18464936
1,16.3,0.20195845
1,16.3,0.14679834
1,16.3,0.16986966
1,16.3,0.18110079
1,16.3,0.13075253
1,16.3,0.15758283
1,16.3,0.15997422
1,16.3,0.24863131
1,16.3,0.35417131
1,16.3,0.23941199
1,16.3,0.16798075
1,16.3,0.24460700
1,16.3,0.29033577
1,16.3,0.19774061
1,16.3,0.21424419
1,16.3,0.18540020
1,16.3,0.14614810
1,16.3,0.15221150
1,16.3,0.21319462
1,16.3,0.19655418
1,16.3,0.13899739
1,16.3,0.30426514
1,16.3,0.21918269
1,16.3,0.18918760
1,16.3,0.17161860
1,16.3,0.23532866
1,16.3,0.28000787
1,16.3,0.21768939
1,16.3,0.26678026
1,16.3,0.23271966
1,16.3,0.12680399
1,16.3,0.16750287
1,16.3,0.25970086
1,16.3,0.12409895
1,16.3,0.21867788
1,16.3,0.16567434
1,16.3,0.20645294
1,16.3,0.18804094
1,16.3,0.13501683
1,16.3,0.16473839
1,16.3,0.22941045
1,16.3,0.21460262
1,16.3,0.22138041
1,16.3,0.21580237
1,16.3,0.27170542
1,16.3,0.16922353
1,16.3,0.13479887
1,16.3,0.21132405
1,16.3,0.25078842
1,16.3,0.23586731
1,16.3,0.23095450
1,16.3,0.15197995
1,16.3,0.16496427
1,16.3,0.17449154
1,16.3,0.13639888
1,16.3,0.16857769
1,16.3,0.17665109
1,16.3,0.18518372
1,16.3,0.28607494
1,16.3,0.12098764
1,16.3,0.19299254
1,16.3,0.20541458
1,16.4,0.26773679
1,16.4,0.14326556
1,16.4,0.16026860
1,16.4,0.19378573
1,16.4,0.18538466
1,16.4,0.24554662
1,16.4,0.14972006
1,16.4,0.18938138
1,16.4,0.20643802
1,16.4,0.14049152
1,16.4,0.15130165
1,16.4,0.24546953
1,16.4,0.20188759
1,16.4,0.20989349
1,16.4,0.29023913
1,16.4,0.22750001
1,16.4,0.19498499
1,16.4,0.35283372
1,16.4,0.25781316
1,16.4,0.23157294
1,16.4,0.20339319
1,16.4,0.17803752
1,16.4,0.18711790
1,16.4,0.17864731
1,16.4,0.22313592
1,16.4,0.17401080
1,16.4,0.16654274
1,16.4,0.19509225
1,16.4,0.17832093
1,16.4,0.25473756
1,16.4,0.09124431
1,16.4,0.15831685
1,16.4,0.15126643
1,16.4,0.24977127
1,16.4,0.26226607
1,16.4,0.15803267
1,16.4,0.21957153
1,16.4,0.29994845
1,16.4,0.31118494
1,16.4,0.22225243
1,16.4,0.10914380
1,16.4,0.15886962
1,16.4,0.17333661
1,16.4,0.23054862
1,16.4,0.19847736
1,16.4,0.24513422
1,16.4,0.25251967
1,16.4,0.20691332
1,16.4,0.19160275
1,16.4,0.15776977
1,16.4,0.21597043
1,16.4,0.24363576
1,16.4,0.16014344
1,16.4,0.10807737
1,16.4,0.24133462
1,16.4,0.22230813
1,16.4,0.21772201
1,16.4,0.13134038
1,16.4,0.16863655
1,16.4,0.21895888
1,16.4,0.17415395
1,16.4,0.25782526
1,16.4,0.15621012
1,16.4,0.17194922
1,16.4,0.20128697
1,16.4,0.15390813
1,16.4,0.13223317
1,16.4,0.15961990
1,16.5,0.28083953
1,16.5,0.17993252
1,16.5,0.16757947
1,16.5,0.15261045
1,16.5,0.18219908
1,16.5,0.21046072
1,16.5,0.16549917
1,16.5,0.22249390
1,16.5,0.17600529
1,16.5,0.19833474
1,16.5,0.15870382
1,16.5,0.21276979
1,16.5,0.20707072
1,16.5,0.13664292
1,16.5,0.15266684
1,16.5,0.28358138
1,16.5,0.13531694
1,16.5,0.14371286
1,16.5,0.32247019
1,16.5,0.16169149
1,16.5,0.16702664
1,16.5,0.20846070
1,16.5,0.19669212
1,16.5,0.17254160
1,16.5,0.22530219
1,16.5,0.18423565
1,16.5,0.19534607
1,16.5,0.23729217
1,16.5,0.13061979
1,16.5,0.20848176
1,16.5,0.20741160
1,16.5,0.19280978
1,16.5,0.25340557
1,16.5,0.18870403
1,16.5,0.19901480
1,16.5,0.20408435
1,16.5,0.13139783
1,16.5,0.22236578
1,16.5,0.15517105
1,16.5,0.19656229
1,16.5,0.24427144
1,16.5,0.14028654
1,16.5,0.25155190
1,16.5,0.24152961
1,16.5,0.33168584
1,16.5,0.23775686
1,16.5,0.17134671
1,16.5,0.17962486
1,16.5,0.23172764
1,16.5,0.26371703
1,16.5,0.27474478
1,16.5,0.24003509
1,16.5,0.23221186
1,16.5,0.25725687
1,16.5,0.18387651
1,16.5,0.16072756
1,16.5,0.20937784
1,16.5,0.18474601
1,16.5,0.12701941
1,16.5,0.24374838
1,16.5,0.34772938
1,16.5,0.24349131
1,16.5,0.19160964
1,16.5,0.20300496
1,16.5,0.20876180
1,16.5,0.25237164
1,16.5,0.21256298
1,16.5,0.18882960
1,16.5,0.19515847
1,16.6,0.33839431
1,16.6,0.21110685
1,16.6,0.21962292
1,16.6,0.23614812
1,16.6,0.21385264
1,16.6,0.23612219
1,16.6,0.14682660
1,16.6,0.20098513
1,16.6,0.24774788
1,16.6,0.14057441
1,16.6,0.09081722
1,16.6,0.17897160
1,16.6,0.25671989
1,16.6,0.19018057
1,16.6,0.24762467
1,16.6,0.19710906
1,16.6,0.15547743
1,16.6,0.16190080
1,16.6,0.24362497
1,16.6,0.24440883
1,16.6,0.15212679
1,16.6,0.17091720
1,16.6,0.17921248
1,16.6,0.13815820
1,16.6,0.26567313
1,16.6,0.23621731
1,16.6,0.14780679
1,16.6,0.17817308
1,16.6,0.12497230
1,16.6,0.23054679
1,16.6,0.18721260
1,16.6,0.14098753
1,16.6,0.14745098
1,16.6,0.31602585
1,16.6,0.21573444
1,16.6,0.15492998
1,16.6,0.16266677
1,16.6,0.21757221
1,16.6,0.19920887
1,16.6,0.21955870
1,16.6,0.14502724
1,16.6,0.20505556
1,16.6,0.17741676
1,16.6,0.18787862
1,16.6,0.31727463
1,16.6,0.20390871
1,16.6,0.18454166
1,16.6,0.16945283
1,16.6,0.19360250
1,16.6,0.14284933
1,16.6,0.22168848
1,16.6,0.16182053
1,16.6,0.23343700
1,16.6,0.24500680
1,16.6,0.19188908
1,16.6,0.22089116
1,16.6,0.20931345
1,16.6,0.26930395
1,16.6,0.21096541
1,16.6,0.32238913
1,16.6,0.11591560
1,16.6,0.20229486
1,16.6,0.26246378
1,16.6,0.24316131
1,16.6,0.19029300
1,16.6,0.18001942
1,16.6,0.13917235
1,16.6,0.18148981
1,16.6,0.21069455
1,16.7,0.17154321
1,16.7,0.15851912
1,16.7,0.11539830
1,16.7,0.29602233
1,16.7,0.27747810
1,16.7,0.22223562
1,16.7,0.13420799
1,16.7,0.25537974
1,16.7,0.13441770
1,16.7,0.17038085
1,16.7,0.16873665
1,16.7,0.14543167
1,16.7,0.20814064
1,16.7,0.14359368
1,16.7,0.23108494
1,16.7,0.18690701
1,16.7,0.14281124
1,16.7,0.12615608
1,16.7,0.20250414
1,16.7,0.16344908
1,16.7,0.11737219
1,16.7,0.28799713
1,16.7,0.27880940
1,16.7,0.22051965
1,16.7,0.20884843
1,16.7,0.15133102
1,16.7,0.20888007
1,16.7,0.16939647
1,16.7,0.18729222
1,16.7,0.30037376
1,16.7,0.17244737
1,16.7,0.21788740
1,16.7,0.11807784
1,16.7,0.13236696
1,16.7,0.15342979
1,16.7,0.13661152
1,16.7,0.21614297
1,16.7,0.16373937
1,16.7,0.16006719
1,16.7,0.19399936
1,16.7,0.19063237
1,16.7,0.24083158
1,16.7,0.16455932
1,16.7,0.19664228
1,16.7,0.20580438
1,16.7,0.29410580
1,16.7,0.23387629
1,16.7,0.21743792
1,16.7,0.18625765
1,16.7,0.28062052
1,16.7,0.20884180
1,16.7,0.20122939
1,16.7,0.14726308
1,16.7,0.21499014
1,16.7,0.18251111
1,16.7,0.21267982
1,16.7,0.22984989
1,16.7,0.17583342
1,16.7,0.23691109
1,16.7,0.25757238
1,16.7,0.16199273
1,16.7,0.16609095
1,16.7,0.13115877
1,16.7,0.18908487
1,16.7,0.24622642
1,16.7,0.14560352
1,16.7,0.33114603
1,16.7,0.22102153
1,16.7,0.18042713
1,16.8,0.11773230
1,16.8,0.20177796
1,16.8,0.24667962
1,16.8,0.14545983
1,16.8,0.24844691
1,16.8,0.14150998
1,16.8,0.20113014
1,16.8,0.20005323
1,16.8,0.26317257
1,16.8,0.27621967
1,16.8,0.19266795
1,16.8,0.24615687
1,16.8,0.31518066
1,16.8,0.17695546
1,16.8,0.22629811
1,16.8,0.18528394
1,16.8,0.12016904
1,16.8,0.23483358
1,16.8,0.19035108
1,16.8,0.17084587
1,16.8,0.17870581
1,16.8,0.20637350
1,16.8,0.16593798
1,16.8,0.18815790
1,16.8,0.10312226
1,16.8,0.22875826
1,16.8,0.25370541
1,16.8,0.23191898
1,16.8,0.29312730
1,16.8,0.17523195
1,16.8,0.18762133
1,16.8,0.44102257
1,16.8,0.17258754
1,16.8,0.19005379
1,16.8,0.14816885
1,16.8,0.14918713
1,16.8,0.15230513
1,16.8,0.15217432
1,16.8,0.16769174
1,16.8,0.23005024
1,16.8,0.19295011
1,16.8,0.21170786
1,16.8,0.18014626
1,16.8,0.20311920
1,16.8,0.21056746
1,16.8,0.18001653
1,16.8,0.19146410
1,16.8,0.25541663
1,16.8,0.26575005
1,16.8,0.20198183
1,16.8,0.12624112
1,16.8,0.18266159
1,16.8,0.12277234
1,16.8,0.16611019
1,16.8,0.22757629
1,16.8,0.09307794
1,16.8,0.15162960
1,16.8,0.17377068
1,16.8,0.19308063
1,16.8,0.16571660
1,16.8,0.15594766
1,16.8,0.23708981
1,16.8,0.15857592
1,16.8,0.18334186
1,16.8,0.19259864
1,16.8,0.17867397
1,16.8,0.19396526
1,16.8,0.14733370
1,16.9,0.16856761
1,16.9,0.18806657
1,16.9,0.15957570
1,16.9,0.15972804
1,16.9,0.23836268
1,16.9,0.18006399
1,16.9,0.21728639
1,16.9,0.17499661
1,16.9,0.14264035
1,16.9,0.27193922
1,16.9,0.20122118
1,16.9,0.20896465
1,16.9,0.21653379
1,16.9,0.17734280
1,16.9,0.18483981
1,16.9,0.22599509
1,16.9,0.21272321
1,16.9,0.27451718
1,16.9,0.12925550
1,16.9,0.15608633
1,16.9,0.22020476
1,16.9,0.19217575
1,16.9,0.18084764
1,16.9,0.20440881
1,16.9,0.19734685
1,16.9,0.15718666
1,16.9,0.22761738
1,16.9,0.32525599
1,16.9,0.13931696
1,16.9,0.19217238
1,16.9,0.31209511
1,16.9,0.17132297
1,16.9,0.20260513
1,16.9,0.13143469
1,16.9,0.18577854
1,16.9,0.19887187
1,16.9,0.15948516
1,16.9,0.18802935
1,16.9,0.17148545
1,16.9,0.21058019
1,16.9,0.17262799
1,16.9,0.13048747
1,16.9,0.28634664
1,16.9,0.20585029
1,16.9,0.22686848
1,16.9,0.30067670
1,16.9,0.12564030
1,16.9,0.18986385
1,16.9,0.22955024
1,16.9,0.20385674
1,16.9,0.20419407
1,16.9,0.17368400
1,16.9,0.26228476
1,16.9,0.17627048
1,16.9,0.24679378
1,16.9,0.26966432
1,16.9,0.22105770
1,16.9,0.23595957
1,16.9,0.16903394
1,16.9,0.15452591
1,16.9,0.16707119
1,16.9,0.16717078
1,16.9,0.17571634
1,16.9,0.20321219
1,16.9,0.17396224
1,16.9,0.13502854
1,16.9,0.21380755
1,16.9,0.18275136
1,16.9,0.28517154
1,17.0,0.20369285
1,17.0,0.34005457
1,17.0,0.17649676
1,17.0,0.26014614
1,17.0,0.21546933
1,17.0,0.14744271
1,17.0,0.24053909
1,17.0,0.18838125
1,17.0,0.23074569
1,17.0,0.29025152
1,17.0,0.13530995
1,17.0,0.27614868
1,17.0,0.24872135
1,17.0,0.19605142
1,17.0,0.19059202
1,17.0,0.22167109
1,17.0,0.16864122
1,17.0,0.17028333
1,17.0,0.17425738
1,17.0,0.20927088
1,17.0,0.18171951
1,17.0,0.19964832
1,17.0,0.23342079
1,17.0,0.28347787
1,17.0,0.22695898
1,17.0,0.19366726
1,17.0,0.20268251
1,17.0,0.19686611
1,17.0,0.17234381
1,17.0,0.22774377
1,17.0,0.25931680
1,17.0,0.26352561
1,17.0,0.20307116
1,17.0,0.16120760
1,17.0,0.15503894
1,17.0,0.23996180
1,17.0,0.17750698
1,17.0,0.17601840
1,17.0,0.21442157
1,17.0,0.17297983
1,17.0,0.14931560
1,17.0,0.13282233
1,17.0,0.17546567
1,17.0,0.18354012
1,17.0,0.20430452
1,17.0,0.20121056
1,17.0,0.18536000
1,17.0,0.16649856
1,17.0,0.20189600
1,17.0,0.17360735
1,17.0,0.19254363
1,17.0,0.17873897
1,17.0,0.15477686
1,17.0,0.22860882
1,17.0,0.20213512
1,17.0,0.19769554
1,17.0,0.27713671
1,17.0,0.17430194
1,17.0,0.13998733
1,17.0,0.20278507
1,17.0,0.33713666
1,17.0,0.18566975
1,17.0,0.17249383
1,17.0,0.18734929
1,17.0,0.21012078
1,17.0,0.21662079
1,17.0,0.22599749
1,17.0,0.27785587
1,17.0,0.19558500
1,17.1,0.18036336
1,17.1,0.25661859
1,17.1,0.26572457
1,17.1,0.19096458
1,17.1,0.25385380
1,17.1,0.20155016
1,17.1,0.27557853
1,17.1,0.20464362
1,17.1,0.13120596
1,17.1,0.19303392
1,17.1,0.30939424
1,17.1,0.22833762
1,17.1,0.18003440
1,17.1,0.19142528
1,17.1,0.18883273
1,17.1,0.20968038
1,17.1,0.17403534
1,17.1,0.30308381
1,17.1,0.27746201
1,17.1,0.24595310
1,17.1,0.18437195
1,17.1,0.28202388
1,17.1,0.15195534
1,17.1,0.17180175
1,17.1,0.26689887
1,17.1,0.17764702
1,17.1,0.22388007
1,17.1,0.29865244
1,17.1,0.14908791
1,17.1,0.22563802
1,17.1,0.16436253
1,17.1,0.14579837
1,17.1,0.15967833
1,17.1,0.20686698
1,17.1,0.22799893
1,17.1,0.14596783
1,17.1,0.10564537
1,17.1,0.19072075
1,17.1,0.19760400
1,17.1,0.27471200
1,17.1,0.13084471
1,17.1,0.18163891
1,17.1,0.24785627
1,17.1,0.20904772
1,17.1,0.13488726
1,17.1,0.19660313
1,17.1,0.15328507
1,17.1,0.23454677
1,17.1,0.15311699
1,17.1,0.21299633
1,17.1,0.24642976
1,17.1,0.12307714
1,17.1,0.23664702
1,17.1,0.21627669
1,17.1,0.20714034
1,17.1,0.27010661
1,17.1,0.21748649
1,17.1,0.23796354
1,17.1,0.21595457
1,17.1,0.16499884
1,17.1,0.11423637
1,17.1,0.19928329
1,17.1,0.18441017
1,17.1,0.14232168
1,17.1,0.26683900
1,17.1,0.22659834
1,17.1,0.16474564
1,17.1,0.22594829
1,17.1,0.17898621
1,17.2,0.16177320
1,17.2,0.22511254
1,17.2,0.15946189
1,17.2,0.23020577
1,17.2,0.12970695
1,17.2,0.17801496
1,17.2,0.22679242
1,17.2,0.18673958
1,17.2,0.12204721
1,17.2,0.17027782
1,17.2,0.10966480
1,17.2,0.16953664
1,17.2,0.15904003
1,17.2,0.17080785
1,17.2,0.21744858
1,17.2,0.16024822
1,17.2,0.23042661
1,17.2,0.23536572
1,17.2,0.14447406
1,17.2,0.21887970
1,17.2,0.16150132
1,17.2,0.25857344
1,17.2,0.15624882
1,17.2,0.22958577
1,17.2,0.13813467
1,17.2,0.21789393
1,17.2,0.27457315
1,17.2,0.20790596
1,17.2,0.22528507
1,17.2,0.10762380
1,17.2,0.20203312
1,17.2,0.16173711
1,17.2,0.21800305
1,17.2,0.19248527
1,17.2,0.21923314
1,17.2,0.27560869
1,17.2,0.21608384
1,17.2,0.26274624
1,17.2,0.19799933
1,17.2,0.14653641
1,17.2,0.22866769
1,17.2,0.16436528
1,17.2,0.17725100
1,17.2,0.17453074
1,17.2,0.17633596
1,17.2,0.17443657
1,17.2,0.31854045
1,17.2,0.25458416
1,17.2,0.22328658
1,17.2,0.22150977
1,17.2,0.23708008
1,17.2,0.26499563
1,17.2,0.20988947
1,17.2,0.15516920
1,17.2,0.29279172
1,17.2,0.15449381
1,17.2,0.21916324
1,17.2,0.16902879
1,17.2,0.19127369
1,17.2,0.19995841
1,17.2,0.27910149
1,17.2,0.23497804
1,17.2,0.16287273
1,17.2,0.26184329
1,17.2,0.18432473
1,17.2,0.26677531
1,17.2,0.22264226
1,17.2,0.22505806
1,17.2,0.20556459
1,17.3,0.18490934
1,17.3,0.19971308
1,17.3,0.14780848
1,17.3,0.23783419
1,17.3,0.22973201
1,17.3,0.22492845
1,17.3,0.19283658
1,17.3,0.23029749
1,17.3,0.22301428
1,17.3,0.22745419
1,17.3,0.14683124
1,17.3,0.15463030
1,17.3,0.19590670
1,17.3,0.22676475
1,17.3,0.27484763
1,17.3,0.25240293
1,17.3,0.23364779
1,17.3,0.18807527
1,17.3,0.17743954
1,17.3,0.23755094
1,17.3,0.23563328
1,17.3,0.19466491
1,17.3,0.10913165
1,17.3,0.16606583
1,17.3,0.20619638
1,17.3,0.15681218
1,17.3,0.23003253
1,17.3,0.21913640
1,17.3,0.15406288
1,17.3,0.15817726
1,17.3,0.28372651
1,17.3,0.18285286
1,17.3,0.21608369
1,17.3,0.13683325
1,17.3,0.14352657
1,17.3,0.19351277
1,17.3,0.15705767
1,17.3,0.12950067
1,17.3,0.17325257
1,17.3,0.15723965
1,17.3,0.20874323
1,17.3,0.22197151
1,17.3,0.19829412
1,17.3,0.21940437
1,17.3,0.13375670
1,17.3,0.23551622
1,17.3,0.15711886
1,17.3,0.17491452
1,17.3,0.20667692
1,17.3,0.18428655
1,17.3,0.27319729
1,17.3,0.17987637
1,17.3,0.15010600
1,17.3,0.20487775
1,17.3,0.21024214
1,17.3,0.17626636
1,17.3,0.15800653
1,17.3,0.24349810
1,17.3,0.18822502
1,17.3,0.15125889
1,17.3,0.17418385
1,17.3,0.14182521
1,17.3,0.23269431
1,17.3,0.22378369
1,17.3,0.17162025
1,17.3,0.19589749
1,17.3,0.14314604
1,17.3,0.26657394
1,17.4,0.22928999
1,17.4,0.12806900
1,17.4,0.20098484
1,17.4,0.16134423
1,17.4,0.17988034
1,17.4,0.19853629
1,17.4,0.24602374
1,17.4,0.18327034
1,17.4,0.25310904
1,17.4,0.23919903
1,17.4,0.25284174
1,17.4,0.24034536
1,17.4,0.17607884
1,17.4,0.20537025
1,17.4,0.18426609
1,17.4,0.22071117
1,17.4,0.16319057
1,17.4,0.23980448
1,17.4,0.12579045
1,17.4,0.18629269
1,17.4,0.17697731
1,17.4,0.15664682
1,17.4,0.20401028
1,17.4,0.22415842
1,17.4,0.23093414
1,17.4,0.23667410
1,17.4,0.14517231
1,17.4,0.13600941
1,17.4,0.20892189
1,17.4,0.19381759
1,17.4,0.12160005
1,17.4,0.12175057
1,17.4,0.18824747
1,17.4,0.27591148
1,17.4,0.16933547
1,17.4,0.16708019
1,17.4,0.19454986
1,17.4,0.24711686
1,17.4,0.09955966
1,17.4,0.18124516
1,17.4,0.19061154
1,17.4,0.27690390
1,17.4,0.14166094
1,17.4,0.11387730
1,17.4,0.19972123
1,17.4,0.28190643
1,17.4,0.16684578
1,17.4,0.15677774
1,17.4,0.20682040
1,17.4,0.13478453
1,17.4,0.15460446
1,17.4,0.18853800
1,17.4,0.17929554
1,17.4,0.21809088
1,17.4,0.22486240
1,17.4,0.20965481
1,17.4,0.21223326
1,17.4,0.16094598
1,17.4,0.24888183
1,17.4,0.19451748
1,17.4,0.23286381
1,17.4,0.21857396
1,17.4,0.20404226
1,17.4,0.25831053
1,17.4,0.22121386
1,17.4,0.22964260
1,17.4,0.32770208
1,17.4,0.22368245
1,17.4,0.17635946
1,17.5,0.19792154
1,17.5,0.25291693
1,17.5,0.27072984
1,17.5,0.14900589
1,17.5,0.28552893
1,17.5,0.16822435
1,17.5,0.12042422
1,17.5,0.24673980
1,17.5,0.22127938
1,17.5,0.26295009
1,17.5,0.15823305
1,17.5,0.12089239
1,17.5,0.21638803
1,17.5,0.23594055
1,17.5,0.13750041
1,17.5,0.20036638
1,17.5,0.18766361
1,17.5,0.19074178
1,17.5,0.23176108
1,17.5,0.18362243
1,17.5,0.14950430
1,17.5,0.22989014
1,17.5,0.16012186
1,17.5,0.24931036
1,17.5,0.16856068
1,17.5,0.16100721
1,17.5,0.15597996
1,17.5,0.26720545
1,17.5,0.27505749
1,17.5,0.21947104
1,17.5,0.26992249
1,17.5,0.20502776
1,17.5,0.23723538
1,17.5,0.16049489
1,17.5,0.18971719
1,17.5,0.17807448
1,17.5,0.19086073
1,17.5,0.16119201
1,17.5,0.17195882
1,17.5,0.12218964
1,17.5,0.10237227
1,17.5,0.17007588
1,17.5,0.16301796
1,17.5,0.20079222
1,17.5,0.18266125
1,17.5,0.16836007
1,17.5,0.13424310
1,17.5,0.24714909
1,17.5,0.19203968
1,17.5,0.13854817
1,17.5,0.20461743
1,17.5,0.23145249
1,17.5,0.16418302
1,17.5,0.24638455
1,17.5,0.18935859
1,17.5,0.19579098
1,17.5,0.16089919
1,17.5,0.12470355
1,17.5,0.19563536
1,17.5,0.23683552
1,17.5,0.24270409
1,17.5,0.19719143
1,17.5,0.20433219
1,17.5,0.20144133
1,17.5,0.20282435
1,17.5,0.23504369
1,17.5,0.21485075
1,17.5,0.16530001
1,17.5,0.19300851
1,17.6,0.22927600
1,17.6,0.30906978
1,17.6,0.22322300
1,17.6,0.23293717
1,17.6,0.20793170
1,17.6,0.14401613
1,17.6,0.17222036
1,17.6,0.17594618
1,17.6,0.19694307
1,17.6,0.19117883
1,17.6,0.14174515
1,17.6,0.14749028
1,17.6,0.17182368
1,17.6,0.16436751
1,17.6,0.18303332
1,17.6,0.13870651
1,17.6,0.22473079
1,17.6,0.15426157
1,17.6,0.21473984
1,17.6,0.18515430
1,17.6,0.15918009
1,17.6,0.29168954
1,17.6,0.15785524
1,17.6,0.13744432
1,17.6,0.24843311
1,17.6,0.26320803
1,17.6,0.14482304
1,17.6,0.18951170
1,17.6,0.25424549
1,17.6,0.15859756
1,17.6,0.21699274
1,17.6,0.19191566
1,17.6,0.25552213
1,17.6,0.16970585
1,17.6,0.22405873
1,17.6,0.25484616
1,17.6,0.12026872
1,17.6,0.22510386
1,17.6,0.20611027
1,17.6,0.26771504
1,17.6,0.21201737
1,17.6,0.12018697
1,17.6,0.18571714
1,17.6,0.18988992
1,17.6,0.26111722
1,17.6,0.14916360
1,17.6,0.14400735
1,17.6,0.21962155
1,17.6,0.17138286
1,17.6,0.17980430
1,17.6,0.17160715
1,17.6,0.23979616
1,17.6,0.18052575
1,17.6,0.21975717
1,17.6,0.15911685
1,17.6,0.13252695
1,17.6,0.12586865
1,17.6,0.15184534
1,17.6,0.14869243
1,17.6,0.24623570
1,17.6,0.20933720
1,17.6,0.17437913
1,17.6,0.31873342
1,17.6,0.23837338
1,17.6,0.15604596
1,17.6,0.17887633
1,17.6,0.17415369
1,17.6,0.18039030
1,17.6,0.15204489
1,17.7,0.14124434
1,17.7,0.20330305
1,17.7,0.19798826
1,17.7,0.12240960
1,17.7,0.23469631
1,17.7,0.19789527
1,17.7,0.15063460
1,17.7,0.16838291
1,17.7,0.16447398
1,17.7,0.10932104
1,17.7,0.30641115
1,17.7,0.17370920
1,17.7,0.26517725
1,17.7,0.12051373
1,17.7,0.11899517
1,17.7,0.20153414
1,17.7,0.20809481
1,17.7,0.27022067
1,17.7,0.13433419
1,17.7,0.23337673
1,17.7,0.15178145
1,17.7,0.18087283
1,17.7,0.17049873
1,17.7,0.14082953
1,17.7,0.23665868
1,17.7,0.22812347
1,17.7,0.19989465
1,17.7,0.15373367
1,17.7,0.20139962
1,17.7,0.28209794
1,17.7,0.19177978
1,17.7,0.17031993
1,17.7,0.17815317
1,17.7,0.20298102
1,17.7,0.20536904
1,17.7,0.30039471
1,17.7,0.19073412
1,17.7,0.17779334
1,17.7,0.24332541
1,17.7,0.19392814
1,17.7,0.16060773
1,17.7,0.15764718
1,17.7,0.23753780
1,17.7,0.13937160
1,17.7,0.17939949
1,17.7,0.23337491
1,17.7,0.16239545
1,17.7,0.15393364
1,17.7,0.22333813
1,17.7,0.18059494
1,17.7,0.15806326
1,17.7,0.29022205
1,17.7,0.15938832
1,17.7,0.19528672
1,17.7,0.16113164
1,17.7,0.20039697
1,17.7,0.24544592
1,17.7,0.20911032
1,17.7,0.18099056
1,17.7,0.35866848
1,17.7,0.17485864
1,17.7,0.14844571
1,17.7,0.22198546
1,17.7,0.15840860
1,17.7,0.19256520
1,17.7,0.13447262
1,17.7,0.13684538
1,17.7,0.09967494
1,17.7,0.14435676
1,17.8,0.19059633
1,17.8,0.29051715
1,17.8,0.18042172
1,17.8,0.19345891
1,17.8,0.18632737
1,17.8,0.20760791
1,17.8,0.23172671
1,17.8,0.14485593
1,17.8,0.14908630
1,17.8,0.23552011
1,17.8,0.16226462
1,17.8,0.14609590
1,17.8,0.19511013
1,17.8,0.18775117
1,17.8,0.18682066
1,17.8,0.19184126
1,17.8,0.21953689
1,17.8,0.20992436
1,17.8,0.19862153
1,17.8,0.11398546
1,17.8,0.26962548
1,17.8,0.16297351
1,17.8,0.23335724
1,17.8,0.22006869
1,17.8,0.23366469
1,17.8,0.22954693
1,17.8,0.13512041
1,17.8,0.14460076
1,17.8,0.17741087
1,17.8,0.14925185
1,17.8,0.23426290
1,17.8,0.15427771
1,17.8,0.17657608
1,17.8,0.19635034
1,17.8,0.11565264
1,17.8,0.18919331
1,17.8,0.17111973
1,17.8,0.29718712
1,17.8,0.15407728
1,17.8,0.08986532
1,17.8,0.17660004
1,17.8,0.13264365
1,17.8,0.19642864
1,17.8,0.23599429
1,17.8,0.19502990
1,17.8,0.14210735
1,17.8,0.22825718
1,17.8,0.22312896
1,17.8,0.11870178
1,17.8,0.21099116
1,17.8,0.26258403
1,17.8,0.16758570
1,17.8,0.25264889
1,17.8,0.20126145
1,17.8,0.16278888
1,17.8,0.19048129
1,17.8,0.26215562
1,17.8,0.13970935
1,17.8,0.14077921
1,17.8,0.18602613
1,17.8,0.21460512
1,17.8,0.22195335
1,17.8,0.18373007
1,17.8,0.17635883
1,17.8,0.20399210
1,17.8,0.17098857
1,17.8,0.16734582
1,17.8,0.15702643
1,17.9,0.17637506
1,17.9,0.26028517
1,17.9,0.23717302
1,17.9,0.28286433
1,17.9,0.22568710
1,17.9,0.16369955
1,17.9,0.18554011
1,17.9,0.18966678
1,17.9,0.15342095
1,17.9,0.14536163
1,17.9,0.18905658
1,17.9,0.18506581
1,17.9,0.21337269
1,17.9,0.16875148
1,17.9,0.15685984
1,17.9,0.21535400
1,17.9,0.16677913
1,17.9,0.22963065
1,17.9,0.14559512
1,17.9,0.17365207
1,17.9,0.14195602
1,17.9,0.11229844
1,17.9,0.13976350
1,17.9,0.21169956
1,17.9,0.13091123
1,17.9,0.15003552
1,17.9,0.11148983
1,17.9,0.13882117
1,17.9,0.17336228
1,17.9,0.20638008
1,17.9,0.16839795
1,17.9,0.25774059
1,17.9,0.25268921
1,17.9,0.14774728
1,17.9,0.16807427
1,17.9,0.21477714
1,17.9,0.13427447
1,17.9,0.15341800
1,17.9,0.12161805
1,17.9,0.19323871
1,17.9,0.22697513
1,17.9,0.17303383
1,17.9,0.13975826
1,17.9,0.13078791
1,17.9,0.20574868
1,17.9,0.17319395
1,17.9,0.15897164
1,17.9,0.14221133
1,17.9,0.24687007
1,17.9,0.25213894
1,17.9,0.18179445
1,17.9,0.23433174
1,17.9,0.24759734
1,17.9,0.17801644
1,17.9,0.22058834
1,17.9,0.21139216
1,17.9,0.21990725
1,17.9,0.21474691
1,17.9,0.13903135
1,17.9,0.17146537
1,17.9,0.14512904
1,17.9,0.20944877
1,17.9,0.18480639
1,17.9,0.24460973
1,17.9,0.29392263
1,17.9,0.31019345
1,17.9,0.24241476
1,17.9,0.20834528
1,17.9,0.22355030
1,18.0,0.16880935
1,18.0,0.22608562
1,18.0,0.15179265
1,18.0,0.24935834
1,18.0,0.21062773
1,18.0,0.16768484
1,18.0,0.27049589
1,18.0,0.31669414
1,18.0,0.18182254
1,18.0,0.12785117
1,18.0,0.21781783
1,18.0,0.10353514
1,18.0,0.18857275
1,18.0,0.23894581
1,18.0,0.14855365
1,18.0,0.18761989
1,18.0,0.20850320
1,18.0,0.22843654
1,18.0,0.17938149
1,18.0,0.17102560
1,18.0,0.13043608
1,18.0,0.22817931
1,18.0,0.25724804
1,18.0,0.23870316
1,18.0,0.12029172
1,18.0,0.14093101
1,18.0,0.17896861
1,18.0,0.17851198
1,18.0,0.10368341
1,18.0,0.27874359
1,18.0,0.26578867
1,18.0,0.18106517
1,18.0,0.23991397
1,18.0,0.14142947
1,18.0,0.17856963
1,18.0,0.18639761
1,18.0,0.16660871
1,18.0,0.15952298
1,18.0,0.15958759
1,18.0,0.16733474
1,18.0,0.18144827
1,18.0,0.28633189
1,18.0,0.27484131
1,18.0,0.21698068
1,18.0,0.12806301
1,18.0,0.20128271
1,18.0,0.16035558
1,18.0,0.19346073
1,18.0,0.20633110
1,18.0,0.11150689
1,18.0,0.14033534
1,18.0,0.22994800
1,18.0,0.10428696
1,18.0,0.12066823
1,18.0,0.15797488
1,18.0,0.12615547
1,18.0,0.12682445
1,18.0,0.20281971
1,18.0,0.17849074
1,18.0,0.13047606
1,18.0,0.25090578
1,18.0,0.10652283
1,18.0,0.20584168
1,18.0,0.27834609
1,18.0,0.20073740
1,18.0,0.14673321
1,18.0,0.24832669
1,18.0,0.16645570
1,18.0,0.21851899
1,18.1,0.16508895
1,18.1,0.15962785
1,18.1,0.13684309
1,18.1,0.12507282
1,18.1,0.14328466
1,18.1,0.24349001
1,18.1,0.15482610
1,18.1,0.26052424
1,18.1,0.28664553
1,18.1,0.24789248
1,18.1,0.14854521
1,18.1,0.15477669
1,18.1,0.20402746
1,18.1,0.21383198
1,18.1,0.14697024
1,18.1,0.14047870
1,18.1,0.17633696
1,18.1,0.16370319
1,18.1,0.25011957
1,18.1,0.27422860
1,18.1,0.17925358
1,18.1,0.17155531
1,18.1,0.15267847
1,18.1,0.32252064
1,18.1,0.15719284
1,18.1,0.19653459
1,18.1,0.16445765
1,18.1,0.20217463
1,18.1,0.21510626
1,18.1,0.19042961
1,18.1,0.17721167
1,18.1,0.20223472
1,18.1,0.17570378
1,18.1,0.15891838
1,18.1,0.20571239
1,18.1,0.13451679
1,18.1,0.11681153
1,18.1,0.14753713
1,18.1,0.15563633
1,18.1,0.14603998
1,18.1,0.18175985
1,18.1,0.27179778
1,18.1,0.20781167
1,18.1,0.16411357
1,18.1,0.21096927
1,18.1,0.30846119
1,18.1,0.20623429
1,18.1,0.15297268
1,18.1,0.14294657
1,18.1,0.14875393
1,18.1,0.17128493
1,18.1,0.24793012
1,18.1,0.09236490
1,18.1,0.19409929
1,18.1,0.15647995
1,18.1,0.14093605
1,18.1,0.15903004
1,18.1,0.09219198
1,18.1,0.18221149
1,18.1,0.11718237
1,18.1,0.22841558
1,18.1,0.13107280
1,18.1,0.15380017
1,18.1,0.19185925
1,18.1,0.27920654
1,18.1,0.21689755
1,18.1,0.23881616
1,18.1,0.12045259
1,18.1,0.17349085
1,18.2,0.28539115
1,18.2,0.13509658
1,18.2,0.18568426
1,18.2,0.21726672
1,18.2,0.22274114
1,18.2,0.13368328
1,18.2,0.16728167
1,18.2,0.15522744
1,18.2,0.12504418
1,18.2,0.19054608
1,18.2,0.14221372
1,18.2,0.23518644
1,18.2,0.23302869
1,18.2,0.13267995
1,18.2,0.15736373
1,18.2,0.15745869
1,18.2,0.17009196
1,18.2,0.34449944
1,18.2,0.22399907
1,18.2,0.18299209
1,18.2,0.20060709
1,18.2,0.20845316
1,18.2,0.17308329
1,18.2,0.20572273
1,18.2,0.11906171
1,18.2,0.18761003
1,18.2,0.15865816
